Region,Year,FRatio
Afghanistan,2007,1.2
Afghanistan,2006,1.3
Afghanistan,2005,1.3
Afghanistan,2004,1.4
Afghanistan,2003,1.4
Afghanistan,2002,1.5
Afghanistan,2001,1.5
Afghanistan,2000,1.6
Afghanistan,1999,1.6
Afghanistan,1998,1.6
Afghanistan,1997,1.7
Afghanistan,1996,1.7
Afghanistan,1995,1.8
Afghanistan,1994,1.8
Afghanistan,1993,1.9
Afghanistan,1992,1.9
Afghanistan,1991,2
Afghanistan,1990,2
Albania,2007,29.3
Albania,2006,29.2
Albania,2005,29
Albania,2004,28.8
Albania,2003,28.6
Albania,2002,28.4
Albania,2001,28.2
Albania,2000,28.1
Albania,1999,28.1
Albania,1998,28.2
Albania,1997,28.3
Albania,1996,28.4
Albania,1995,28.4
Albania,1994,28.5
Albania,1993,28.6
Albania,1992,28.6
Albania,1991,28.7
Albania,1990,28.8
Algeria,2007,1
Algeria,2006,1
Algeria,2005,1
Algeria,2004,0.9
Algeria,2003,0.9
Algeria,2002,0.9
Algeria,2001,0.9
Algeria,2000,0.9
Algeria,1999,0.9
Algeria,1998,0.9
Algeria,1997,0.9
Algeria,1996,0.8
Algeria,1995,0.8
Algeria,1994,0.8
Algeria,1993,0.8
Algeria,1992,0.8
Algeria,1991,0.8
Algeria,1990,0.8
American Samoa,2007,89
American Samoa,2006,89
American Samoa,2005,89.5
American Samoa,2004,89.5
American Samoa,2003,90
American Samoa,2002,90
American Samoa,2001,90
American Samoa,2000,90.5
American Samoa,1999,90.5
American Samoa,1998,90.5
American Samoa,1997,91
American Samoa,1996,91
American Samoa,1995,91
American Samoa,1994,91.5
American Samoa,1993,91.5
American Samoa,1992,91.5
American Samoa,1991,92
American Samoa,1990,92
Andorra,2007,34
Andorra,2006,34
Andorra,2005,34
Andorra,2004,34
Andorra,2003,34
Andorra,2002,34
Andorra,2001,34
Andorra,2000,34
Andorra,1999,34
Andorra,1998,34
Andorra,1997,34
Andorra,1996,34
Andorra,1995,34
Andorra,1994,34
Andorra,1993,34
Andorra,1992,34
Andorra,1991,34
Andorra,1990,34
Angola,2007,47.2
Angola,2006,47.3
Angola,2005,47.4
Angola,2004,47.5
Angola,2003,47.6
Angola,2002,47.7
Angola,2001,47.8
Angola,2000,47.9
Angola,1999,48
Angola,1998,48.1
Angola,1997,48.2
Angola,1996,48.3
Angola,1995,48.4
Angola,1994,48.5
Angola,1993,48.6
Angola,1992,48.7
Angola,1991,48.8
Angola,1990,48.9
Anguilla,2007,61.1
Anguilla,2006,61.1
Anguilla,2005,61.1
Anguilla,2004,61.1
Anguilla,2003,61.1
Anguilla,2002,61.1
Anguilla,2001,61.1
Anguilla,2000,61.1
Anguilla,1999,61.1
Anguilla,1998,61.1
Anguilla,1997,61.1
Anguilla,1996,61.1
Anguilla,1995,61.1
Anguilla,1994,61.1
Anguilla,1993,61.1
Anguilla,1992,61.1
Anguilla,1991,61.1
Anguilla,1990,61.1
Antigua and Barbuda,2007,21.4
Antigua and Barbuda,2006,21.4
Antigua and Barbuda,2005,21.4
Antigua and Barbuda,2004,21.4
Antigua and Barbuda,2003,21.4
Antigua and Barbuda,2002,21.4
Antigua and Barbuda,2001,21.4
Antigua and Barbuda,2000,21.4
Antigua and Barbuda,1999,21.4
Antigua and Barbuda,1998,21.4
Antigua and Barbuda,1997,21.4
Antigua and Barbuda,1996,21.4
Antigua and Barbuda,1995,21.4
Antigua and Barbuda,1994,21.4
Antigua and Barbuda,1993,21.4
Antigua and Barbuda,1992,21.4
Antigua and Barbuda,1991,21.4
Antigua and Barbuda,1990,21.4
Argentina,2007,12
Argentina,2006,12
Argentina,2005,12.1
Argentina,2004,12.1
Argentina,2003,12.2
Argentina,2002,12.2
Argentina,2001,12.3
Argentina,2000,12.3
Argentina,1999,12.4
Argentina,1998,12.4
Argentina,1997,12.5
Argentina,1996,12.6
Argentina,1995,12.6
Argentina,1994,12.7
Argentina,1993,12.7
Argentina,1992,12.8
Argentina,1991,12.8
Argentina,1990,12.9
Armenia,2007,9.7
Armenia,2006,9.9
Armenia,2005,10
Armenia,2004,10.2
Armenia,2003,10.3
Armenia,2002,10.5
Armenia,2001,10.7
Armenia,2000,10.8
Armenia,1999,11
Armenia,1998,11.1
Armenia,1997,11.3
Armenia,1996,11.4
Armenia,1995,11.5
Armenia,1994,11.7
Armenia,1993,11.8
Armenia,1992,12
Aruba,2007,2.2
Aruba,2006,2.2
Aruba,2005,2.2
Aruba,2004,2.2
Aruba,2003,2.2
Aruba,2002,2.2
Aruba,2001,2.2
Aruba,2000,2.2
Aruba,1999,2.2
Aruba,1998,2.2
Aruba,1997,2.2
Aruba,1996,2.2
Aruba,1995,2.2
Aruba,1994,2.2
Aruba,1993,2.2
Aruba,1992,2.2
Aruba,1991,2.2
Aruba,1990,2.2
Australia,2007,21.3
Australia,2006,21.3
Australia,2005,21.3
Australia,2004,21.3
Australia,2003,21.4
Australia,2002,21.4
Australia,2001,21.4
Australia,2000,21.4
Australia,1999,21.5
Australia,1998,21.5
Australia,1997,21.6
Australia,1996,21.6
Australia,1995,21.6
Australia,1994,21.7
Australia,1993,21.7
Australia,1992,21.8
Australia,1991,21.8
Australia,1990,21.9
Austria,2007,47
Austria,2006,46.9
Austria,2005,46.8
Austria,2004,46.8
Austria,2003,46.7
Austria,2002,46.7
Austria,2001,46.6
Austria,2000,46.5
Austria,1999,46.5
Austria,1998,46.4
Austria,1997,46.3
Austria,1996,46.2
Austria,1995,46.2
Austria,1994,46.1
Austria,1993,46
Austria,1992,45.9
Austria,1991,45.9
Austria,1990,45.8
Azerbaijan,2007,11.3
Azerbaijan,2006,11.3
Azerbaijan,2005,11.3
Azerbaijan,2004,11.3
Azerbaijan,2003,11.3
Azerbaijan,2002,11.3
Azerbaijan,2001,11.3
Azerbaijan,2000,11.3
Azerbaijan,1999,11.3
Azerbaijan,1998,11.3
Azerbaijan,1997,11.2
Azerbaijan,1996,11.2
Azerbaijan,1995,11.2
Azerbaijan,1994,11.2
Azerbaijan,1993,11.2
Azerbaijan,1992,11.2
Bahamas,2007,51.4
Bahamas,2006,51.4
Bahamas,2005,51.4
Bahamas,2004,51.4
Bahamas,2003,51.4
Bahamas,2002,51.4
Bahamas,2001,51.4
Bahamas,2000,51.4
Bahamas,1999,51.4
Bahamas,1998,51.4
Bahamas,1997,51.4
Bahamas,1996,51.4
Bahamas,1995,51.4
Bahamas,1994,51.4
Bahamas,1993,51.4
Bahamas,1992,51.4
Bahamas,1991,51.4
Bahamas,1990,51.4
Bahrain,2007,0.7
Bahrain,2006,0.7
Bahrain,2005,0.7
Bahrain,2004,0.6
Bahrain,2003,0.6
Bahrain,2002,0.6
Bahrain,2001,0.6
Bahrain,2000,0.6
Bahrain,1999,0.6
Bahrain,1998,0.4
Bahrain,1997,0.4
Bahrain,1996,0.4
Bahrain,1995,0.4
Bahrain,1994,0.4
Bahrain,1993,0.4
Bahrain,1992,0.4
Bahrain,1991,0.3
Bahrain,1990,0.3
Bangladesh,2007,6.7
Bangladesh,2006,6.7
Bangladesh,2005,6.7
Bangladesh,2004,6.7
Bangladesh,2003,6.7
Bangladesh,2002,6.8
Bangladesh,2001,6.8
Bangladesh,2000,6.8
Bangladesh,1999,6.8
Bangladesh,1998,6.8
Bangladesh,1997,6.8
Bangladesh,1996,6.8
Bangladesh,1995,6.8
Bangladesh,1994,6.8
Bangladesh,1993,6.8
Bangladesh,1992,6.8
Bangladesh,1991,6.8
Bangladesh,1990,6.8
Barbados,2007,4
Barbados,2006,4
Barbados,2005,4
Barbados,2004,4
Barbados,2003,4
Barbados,2002,4
Barbados,2001,4
Barbados,2000,4
Barbados,1999,4
Barbados,1998,4
Barbados,1997,4
Barbados,1996,4
Barbados,1995,4
Barbados,1994,4
Barbados,1993,4
Barbados,1992,4
Barbados,1991,4
Barbados,1990,4
Belarus,2007,39
Belarus,2006,39
Belarus,2005,38.9
Belarus,2004,38.9
Belarus,2003,38.8
Belarus,2002,38.8
Belarus,2001,38.7
Belarus,2000,38.7
Belarus,1999,38.5
Belarus,1998,38.2
Belarus,1997,38
Belarus,1996,37.8
Belarus,1995,37.5
Belarus,1994,37.3
Belarus,1993,37.1
Belarus,1992,36.8
Belgium,2007,22
Belgium,2006,22
Belgium,2005,22
Belgium,2004,22
Belgium,2003,22
Belgium,2002,22
Belgium,2001,22
Belgium,2000,22
Belgium,1999,23
Belgium,1998,23
Belgium,1997,23
Belgium,1996,23.1
Belgium,1995,23.1
Belgium,1994,23.1
Belgium,1993,23.2
Belgium,1992,23.2
Belgium,1991,23.2
Belgium,1990,23.2
Belize,2007,72.5
Belize,2006,72.5
Belize,2005,72.5
Belize,2004,72.5
Belize,2003,72.5
Belize,2002,72.5
Belize,2001,72.5
Belize,2000,72.5
Belize,1999,72.5
Belize,1998,72.5
Belize,1997,72.5
Belize,1996,72.5
Belize,1995,72.5
Belize,1994,72.5
Belize,1993,72.5
Belize,1992,72.5
Belize,1991,72.5
Belize,1990,72.5
Benin,2007,20.1
Benin,2006,20.7
Benin,2005,21.3
Benin,2004,21.8
Benin,2003,22.4
Benin,2002,23
Benin,2001,23.6
Benin,2000,24.2
Benin,1999,24.8
Benin,1998,25.4
Benin,1997,25.9
Benin,1996,26.5
Benin,1995,27.1
Benin,1994,27.7
Benin,1993,28.3
Benin,1992,28.9
Benin,1991,29.4
Benin,1990,30
Bermuda,2007,20
Bermuda,2006,20
Bermuda,2005,20
Bermuda,2004,20
Bermuda,2003,20
Bermuda,2002,20
Bermuda,2001,20
Bermuda,2000,20
Bermuda,1999,20
Bermuda,1998,20
Bermuda,1997,20
Bermuda,1996,20
Bermuda,1995,20
Bermuda,1994,20
Bermuda,1993,20
Bermuda,1992,20
Bermuda,1991,20
Bermuda,1990,20
Bhutan,2007,83.8
Bhutan,2006,83.5
Bhutan,2005,83.2
Bhutan,2004,82.9
Bhutan,2003,79.2
Bhutan,2002,78.9
Bhutan,2001,78.6
Bhutan,2000,78.4
Bhutan,1999,78.1
Bhutan,1998,77.8
Bhutan,1997,77.6
Bhutan,1996,77.3
Bhutan,1995,77.1
Bhutan,1994,76.8
Bhutan,1993,65.3
Bhutan,1992,65
Bhutan,1991,64.8
Bhutan,1990,64.6
Bolivia,2007,53.7
Bolivia,2006,54
Bolivia,2005,54.2
Bolivia,2004,54.5
Bolivia,2003,54.7
Bolivia,2002,55
Bolivia,2001,55.2
Bolivia,2000,55.5
Bolivia,1999,55.7
Bolivia,1998,56
Bolivia,1997,56.2
Bolivia,1996,56.5
Bolivia,1995,56.7
Bolivia,1994,57
Bolivia,1993,57.2
Bolivia,1992,57.5
Bolivia,1991,57.7
Bolivia,1990,58
Bosnia and Herzegovina,2007,42.7
Bosnia and Herzegovina,2006,42.7
Bosnia and Herzegovina,2005,42.7
Bosnia and Herzegovina,2004,42.7
Bosnia and Herzegovina,2003,42.7
Bosnia and Herzegovina,2002,42.7
Bosnia and Herzegovina,2001,42.7
Bosnia and Herzegovina,2000,42.7
Bosnia and Herzegovina,1999,42.7
Bosnia and Herzegovina,1998,42.8
Bosnia and Herzegovina,1997,42.8
Bosnia and Herzegovina,1996,42.9
Bosnia and Herzegovina,1995,42.9
Bosnia and Herzegovina,1994,43
Bosnia and Herzegovina,1993,43
Bosnia and Herzegovina,1992,43.1
Botswana,2007,20.7
Botswana,2006,20.9
Botswana,2005,21.1
Botswana,2004,21.3
Botswana,2003,21.5
Botswana,2002,21.7
Botswana,2001,21.9
Botswana,2000,22.1
Botswana,1999,22.3
Botswana,1998,22.5
Botswana,1997,22.7
Botswana,1996,23
Botswana,1995,23.2
Botswana,1994,23.4
Botswana,1993,23.6
Botswana,1992,23.8
Botswana,1991,24
Botswana,1990,24.2
Brazil,2007,55.7
Brazil,2006,56.1
Brazil,2005,56.5
Brazil,2004,56.8
Brazil,2003,57.2
Brazil,2002,57.6
Brazil,2001,57.9
Brazil,2000,58.3
Brazil,1999,58.6
Brazil,1998,58.9
Brazil,1997,59.3
Brazil,1996,59.6
Brazil,1995,59.9
Brazil,1994,60.2
Brazil,1993,60.5
Brazil,1992,60.8
Brazil,1991,61.2
Brazil,1990,61.5
British Indian Ocean Ter,2007,32.5
British Indian Ocean Ter,2006,32.5
British Indian Ocean Ter,2005,32.5
British Indian Ocean Ter,2004,32.5
British Indian Ocean Ter,2003,32.5
British Indian Ocean Ter,2002,32.5
British Indian Ocean Ter,2001,32.5
British Indian Ocean Ter,2000,32.5
British Indian Ocean Ter,1999,32.5
British Indian Ocean Ter,1998,32.5
British Indian Ocean Ter,1997,32.5
British Indian Ocean Ter,1996,32.5
British Indian Ocean Ter,1995,32.5
British Indian Ocean Ter,1994,32.5
British Indian Ocean Ter,1993,32.5
British Indian Ocean Ter,1992,32.5
British Indian Ocean Ter,1991,32.5
British Indian Ocean Ter,1990,32.5
British Virgin Islands,2007,24.7
British Virgin Islands,2006,24.7
British Virgin Islands,2005,24.7
British Virgin Islands,2004,24.7
British Virgin Islands,2003,24.7
British Virgin Islands,2002,24.7
British Virgin Islands,2001,24.7
British Virgin Islands,2000,24.7
British Virgin Islands,1999,24.7
British Virgin Islands,1998,24.7
British Virgin Islands,1997,24.7
British Virgin Islands,1996,24.7
British Virgin Islands,1995,24.7
British Virgin Islands,1994,24.7
British Virgin Islands,1993,24.7
British Virgin Islands,1992,24.7
British Virgin Islands,1991,24.7
British Virgin Islands,1990,24.7
Brunei Darussalam,2007,52
Brunei Darussalam,2006,52.4
Brunei Darussalam,2005,52.8
Brunei Darussalam,2004,53.1
Brunei Darussalam,2003,53.5
Brunei Darussalam,2002,53.9
Brunei Darussalam,2001,54.3
Brunei Darussalam,2000,54.6
Brunei Darussalam,1999,55.1
Brunei Darussalam,1998,55.6
Brunei Darussalam,1997,56.1
Brunei Darussalam,1996,56.5
Brunei Darussalam,1995,57
Brunei Darussalam,1994,57.5
Brunei Darussalam,1993,58
Brunei Darussalam,1992,58.4
Brunei Darussalam,1991,58.9
Brunei Darussalam,1990,59.4
Bulgaria,2007,34.3
Bulgaria,2006,33.8
Bulgaria,2005,33.4
Bulgaria,2004,32.9
Bulgaria,2003,32.4
Bulgaria,2002,31.9
Bulgaria,2001,31
Bulgaria,2000,30.5
Bulgaria,1999,30.5
Bulgaria,1998,30.4
Bulgaria,1997,30.4
Bulgaria,1996,30.3
Bulgaria,1995,30.3
Bulgaria,1994,30.2
Bulgaria,1993,30.2
Bulgaria,1992,30.2
Bulgaria,1991,30.1
Bulgaria,1990,30.1
Burkina Faso,2007,24.7
Burkina Faso,2006,24.7
Burkina Faso,2005,24.8
Burkina Faso,2004,24.9
Burkina Faso,2003,25
Burkina Faso,2002,25.1
Burkina Faso,2001,25.2
Burkina Faso,2000,25.3
Burkina Faso,1999,25.4
Burkina Faso,1998,25.4
Burkina Faso,1997,25.5
Burkina Faso,1996,25.6
Burkina Faso,1995,25.7
Burkina Faso,1994,25.8
Burkina Faso,1993,25.9
Burkina Faso,1992,26
Burkina Faso,1991,26.1
Burkina Faso,1990,26.1
Burundi,2007,5.2
Burundi,2006,5.6
Burundi,2005,5.9
Burundi,2004,6.3
Burundi,2003,6.6
Burundi,2002,7
Burundi,2001,7.4
Burundi,2000,7.7
Burundi,1999,8.1
Burundi,1998,8.4
Burundi,1997,8.8
Burundi,1996,9.1
Burundi,1995,9.5
Burundi,1994,9.8
Burundi,1993,10.2
Burundi,1992,10.5
Burundi,1991,10.9
Burundi,1990,11.3
Cambodia,2007,56.7
Cambodia,2006,57.9
Cambodia,2005,59.2
Cambodia,2004,60.4
Cambodia,2003,61.7
Cambodia,2002,62.9
Cambodia,2001,64.1
Cambodia,2000,65.4
Cambodia,1999,66.2
Cambodia,1998,67
Cambodia,1997,67.8
Cambodia,1996,68.6
Cambodia,1995,69.4
Cambodia,1994,70.2
Cambodia,1993,71
Cambodia,1992,71.7
Cambodia,1991,72.5
Cambodia,1990,73.3
Cameroon,2007,44
Cameroon,2006,44.5
Cameroon,2005,44.9
Cameroon,2004,45.4
Cameroon,2003,45.9
Cameroon,2002,46.3
Cameroon,2001,46.8
Cameroon,2000,47.3
Cameroon,1999,47.7
Cameroon,1998,48.2
Cameroon,1997,48.7
Cameroon,1996,49.1
Cameroon,1995,49.6
Cameroon,1994,50.1
Cameroon,1993,50.5
Cameroon,1992,51
Cameroon,1991,51.5
Cameroon,1990,51.9
Canada,2007,34.1
Canada,2006,34.1
Canada,2005,34.1
Canada,2004,34.1
Canada,2003,34.1
Canada,2002,34.1
Canada,2001,34.1
Canada,2000,34.1
Canada,1999,34.1
Canada,1998,34.1
Canada,1997,34.1
Canada,1996,34.1
Canada,1995,34.1
Canada,1994,34.1
Canada,1993,34.1
Canada,1992,34.1
Canada,1991,34.1
Canada,1990,34.1
Cape Verde,2007,21
Cape Verde,2006,20.9
Cape Verde,2005,20.7
Cape Verde,2004,20.7
Cape Verde,2003,20.6
Cape Verde,2002,20.5
Cape Verde,2001,20.4
Cape Verde,2000,20.4
Cape Verde,1999,19.8
Cape Verde,1998,19.2
Cape Verde,1997,18.6
Cape Verde,1996,18
Cape Verde,1995,17.3
Cape Verde,1994,16.7
Cape Verde,1993,16.2
Cape Verde,1992,15.5
Cape Verde,1991,14.9
Cape Verde,1990,14.3
Cayman Islands,2007,47.7
Cayman Islands,2006,47.7
Cayman Islands,2005,47.7
Cayman Islands,2004,47.7
Cayman Islands,2003,47.7
Cayman Islands,2002,47.7
Cayman Islands,2001,47.7
Cayman Islands,2000,47.7
Cayman Islands,1999,47.7
Cayman Islands,1998,47.7
Cayman Islands,1997,47.7
Cayman Islands,1996,47.7
Cayman Islands,1995,47.7
Cayman Islands,1994,47.7
Cayman Islands,1993,47.7
Cayman Islands,1992,47.7
Cayman Islands,1991,47.7
Cayman Islands,1990,47.7
Central African Republic,2007,36.4
Central African Republic,2006,36.5
Central African Republic,2005,36.5
Central African Republic,2004,36.6
Central African Republic,2003,36.6
Central African Republic,2002,36.7
Central African Republic,2001,36.7
Central African Republic,2000,36.8
Central African Republic,1999,36.8
Central African Republic,1998,36.9
Central African Republic,1997,36.9
Central African Republic,1996,37
Central African Republic,1995,37
Central African Republic,1994,37.1
Central African Republic,1993,37.1
Central African Republic,1992,37.1
Central African Republic,1991,37.2
Central African Republic,1990,37.2
Chad,2007,9.3
Chad,2006,9.4
Chad,2005,9.5
Chad,2004,9.5
Chad,2003,9.6
Chad,2002,9.7
Chad,2001,9.7
Chad,2000,9.8
Chad,1999,9.8
Chad,1998,9.9
Chad,1997,10
Chad,1996,10
Chad,1995,10.1
Chad,1994,10.2
Chad,1993,10.2
Chad,1992,10.3
Chad,1991,10.3
Chad,1990,10.4
Channel Islands,2007,4.2
Channel Islands,2006,4.2
Channel Islands,2005,4.2
Channel Islands,2004,4.2
Channel Islands,2003,4.2
Channel Islands,2002,4.2
Channel Islands,2001,4.2
Channel Islands,2000,4.2
Channel Islands,1999,4.2
Channel Islands,1998,4.2
Channel Islands,1997,4.2
Channel Islands,1996,4.2
Channel Islands,1995,4.2
Channel Islands,1994,4.2
Channel Islands,1993,4.2
Channel Islands,1992,4.2
Channel Islands,1991,4.2
Channel Islands,1990,4.2
Chile,2007,21.8
Chile,2006,21.8
Chile,2005,21.7
Chile,2004,21.6
Chile,2003,21.5
Chile,2002,21.4
Chile,2001,21.4
Chile,2000,21.3
Chile,1999,21.2
Chile,1998,21.1
Chile,1997,21.1
Chile,1996,21
Chile,1995,20.9
Chile,1994,20.8
Chile,1993,20.8
Chile,1992,20.7
Chile,1991,20.6
Chile,1990,20.5
China,2007,22
China,2006,21.6
China,2005,21.2
China,2004,20.7
China,2003,20.3
China,2002,19.8
China,2001,19.4
China,2000,19
China,1999,18.8
China,1998,18.6
China,1997,18.3
China,1996,18.1
China,1995,17.9
China,1994,17.7
China,1993,17.5
China,1992,17.3
China,1991,17.1
China,1990,16.8
Colombia,2007,54.6
Colombia,2006,54.7
Colombia,2005,54.7
Colombia,2004,54.8
Colombia,2003,54.8
Colombia,2002,54.9
Colombia,2001,54.9
Colombia,2000,54.9
Colombia,1999,55
Colombia,1998,55
Colombia,1997,55.1
Colombia,1996,55.1
Colombia,1995,55.2
Colombia,1994,55.2
Colombia,1993,55.2
Colombia,1992,55.3
Colombia,1991,55.3
Colombia,1990,55.4
Comoros,2007,2.4
Comoros,2006,2.6
Comoros,2005,3
Comoros,2004,3.2
Comoros,2003,3.5
Comoros,2002,3.8
Comoros,2001,4
Comoros,2000,4.3
Comoros,1999,4.5
Comoros,1998,4.7
Comoros,1997,4.9
Comoros,1996,5.2
Comoros,1995,5.4
Comoros,1994,5.6
Comoros,1993,5.8
Comoros,1992,6
Comoros,1991,6.2
Comoros,1990,6.4
Congo Rep.,2007,65.7
Congo Rep.,2006,65.8
Congo Rep.,2005,65.8
Congo Rep.,2004,65.9
Congo Rep.,2003,65.9
Congo Rep.,2002,66
Congo Rep.,2001,66
Congo Rep.,2000,66.1
Congo Rep.,1999,66.1
Congo Rep.,1998,66.2
Congo Rep.,1997,66.2
Congo Rep.,1996,66.2
Congo Rep.,1995,66.3
Congo Rep.,1994,66.3
Congo Rep.,1993,66.4
Congo Rep.,1992,66.4
Congo Rep.,1991,66.5
Congo Rep.,1990,66.5
Congo Dem. Rep.,2007,58.7
Congo Dem. Rep.,2006,58.8
Congo Dem. Rep.,2005,58.9
Congo Dem. Rep.,2004,59.1
Congo Dem. Rep.,2003,59.2
Congo Dem. Rep.,2002,59.4
Congo Dem. Rep.,2001,59.5
Congo Dem. Rep.,2000,59.6
Congo Dem. Rep.,1999,59.9
Congo Dem. Rep.,1998,60.1
Congo Dem. Rep.,1997,60.3
Congo Dem. Rep.,1996,60.6
Congo Dem. Rep.,1995,60.8
Congo Dem. Rep.,1994,61
Congo Dem. Rep.,1993,61.3
Congo Dem. Rep.,1992,61.5
Congo Dem. Rep.,1991,61.8
Congo Dem. Rep.,1990,62
Cook Islands,2007,64.6
Cook Islands,2006,64.6
Cook Islands,2005,64.6
Cook Islands,2004,64.6
Cook Islands,2003,64.6
Cook Islands,2002,64.6
Cook Islands,2001,64.6
Cook Islands,2000,64.6
Cook Islands,1999,64.2
Cook Islands,1998,64.2
Cook Islands,1997,63.8
Cook Islands,1996,63.8
Cook Islands,1995,63.3
Cook Islands,1994,62.9
Cook Islands,1993,62.9
Cook Islands,1992,62.5
Cook Islands,1991,62.5
Cook Islands,1990,62.1
Costa Rica,2007,46.9
Costa Rica,2006,46.9
Costa Rica,2005,46.8
Costa Rica,2004,46.8
Costa Rica,2003,46.7
Costa Rica,2002,46.7
Costa Rica,2001,46.6
Costa Rica,2000,46.5
Costa Rica,1999,46.9
Costa Rica,1998,47.3
Costa Rica,1997,47.6
Costa Rica,1996,48
Costa Rica,1995,48.4
Costa Rica,1994,48.7
Costa Rica,1993,49.1
Costa Rica,1992,49.5
Costa Rica,1991,49.8
Costa Rica,1990,50.2
Côte d'Ivoire,2007,32.8
Côte d'Ivoire,2006,32.8
Côte d'Ivoire,2005,32.7
Côte d'Ivoire,2004,32.7
Côte d'Ivoire,2003,32.6
Côte d'Ivoire,2002,32.6
Côte d'Ivoire,2001,32.5
Côte d'Ivoire,2000,32.5
Côte d'Ivoire,1999,32.4
Côte d'Ivoire,1998,32.4
Côte d'Ivoire,1997,32.4
Côte d'Ivoire,1996,32.3
Côte d'Ivoire,1995,32.3
Côte d'Ivoire,1994,32.3
Côte d'Ivoire,1993,32.2
Côte d'Ivoire,1992,32.2
Côte d'Ivoire,1991,32.2
Côte d'Ivoire,1990,32.1
Croatia,2007,39.6
Croatia,2006,39.4
Croatia,2005,39.6
Croatia,2004,39.5
Croatia,2003,39.5
Croatia,2002,38.1
Croatia,2001,38.1
Croatia,2000,38.1
Croatia,1999,38
Croatia,1998,38
Croatia,1997,38
Croatia,1996,38
Croatia,1995,38
Croatia,1994,37.9
Croatia,1993,37.9
Croatia,1992,37.9
Cuba,2007,25.7
Cuba,2006,25.2
Cuba,2005,24.7
Cuba,2004,24.2
Cuba,2003,23.7
Cuba,2002,23.2
Cuba,2001,22.7
Cuba,2000,22.2
Cuba,1999,21.8
Cuba,1998,21.5
Cuba,1997,21.1
Cuba,1996,20.8
Cuba,1995,20.5
Cuba,1994,20.1
Cuba,1993,19.8
Cuba,1992,19.4
Cuba,1991,19.1
Cuba,1990,18.7
Cyprus,2007,18.9
Cyprus,2006,18.9
Cyprus,2005,18.9
Cyprus,2004,18.8
Cyprus,2003,18.8
Cyprus,2002,18.8
Cyprus,2001,18.7
Cyprus,2000,18.7
Cyprus,1999,18.6
Cyprus,1998,18.4
Cyprus,1997,18.3
Cyprus,1996,18.2
Cyprus,1995,18.1
Cyprus,1994,17.9
Cyprus,1993,17.8
Cyprus,1992,17.7
Cyprus,1991,17.6
Cyprus,1990,17.4
Czech Republic,2007,34.3
Czech Republic,2006,34.3
Czech Republic,2005,34.3
Czech Republic,2004,34.2
Czech Republic,2003,34.2
Czech Republic,2002,34.2
Czech Republic,2001,34.2
Czech Republic,2000,34.1
Czech Republic,1999,34.1
Czech Republic,1998,34.1
Czech Republic,1997,34.1
Czech Republic,1996,34.1
Czech Republic,1995,34.1
Czech Republic,1994,34.1
Czech Republic,1993,34.1
Czech Republic,1992,36.3
Czech Republic,1991,36.3
Czech Republic,1990,36.3
Denmark,2007,11.9
Denmark,2006,11.9
Denmark,2005,11.8
Denmark,2004,11.7
Denmark,2003,11.7
Denmark,2002,11.6
Denmark,2001,11.5
Denmark,2000,11.5
Denmark,1999,11.4
Denmark,1998,11.3
Denmark,1997,11.2
Denmark,1996,11.1
Denmark,1995,11
Denmark,1994,10.9
Denmark,1993,10.8
Denmark,1992,10.7
Denmark,1991,10.6
Denmark,1990,10.5
Djibouti,2007,0.2
Djibouti,2006,0.2
Djibouti,2005,0.2
Djibouti,2004,0.2
Djibouti,2003,0.2
Djibouti,2002,0.2
Djibouti,2001,0.2
Djibouti,2000,0.2
Djibouti,1999,0.2
Djibouti,1998,0.2
Djibouti,1997,0.2
Djibouti,1996,0.2
Djibouti,1995,0.2
Djibouti,1994,0.2
Djibouti,1993,0.2
Djibouti,1992,0.2
Djibouti,1991,0.2
Djibouti,1990,0.2
Dominica,2007,60.7
Dominica,2006,60.9
Dominica,2005,61.3
Dominica,2004,61.7
Dominica,2003,62
Dominica,2002,62.4
Dominica,2001,62.8
Dominica,2000,63.1
Dominica,1999,63.5
Dominica,1998,63.9
Dominica,1997,64.1
Dominica,1996,64.5
Dominica,1995,64.9
Dominica,1994,65.2
Dominica,1993,65.6
Dominica,1992,66
Dominica,1991,66.3
Dominica,1990,66.7
Dominican Republic,2007,28.5
Dominican Republic,2006,28.5
Dominican Republic,2005,28.5
Dominican Republic,2004,28.5
Dominican Republic,2003,28.5
Dominican Republic,2002,28.5
Dominican Republic,2001,28.5
Dominican Republic,2000,28.5
Dominican Republic,1999,28.5
Dominican Republic,1998,28.5
Dominican Republic,1997,28.5
Dominican Republic,1996,28.5
Dominican Republic,1995,28.5
Dominican Republic,1994,28.5
Dominican Republic,1993,28.5
Dominican Republic,1992,28.5
Dominican Republic,1991,28.5
Dominican Republic,1990,28.5
Ecuador,2007,37.8
Ecuador,2006,38.5
Ecuador,2005,39.2
Ecuador,2004,39.9
Ecuador,2003,40.6
Ecuador,2002,41.3
Ecuador,2001,42.1
Ecuador,2000,42.8
Ecuador,1999,43.5
Ecuador,1998,44.2
Ecuador,1997,44.9
Ecuador,1996,45.6
Ecuador,1995,46.3
Ecuador,1994,47.1
Ecuador,1993,47.8
Ecuador,1992,48.5
Ecuador,1991,49.2
Ecuador,1990,49.9
Egypt,2007,0.1
Egypt,2006,0.1
Egypt,2005,0.1
Egypt,2004,0.1
Egypt,2003,0.1
Egypt,2002,0.1
Egypt,2001,0.1
Egypt,2000,0.1
Egypt,1999,0.1
Egypt,1998,0.1
Egypt,1997,0.1
Egypt,1996,0.1
Egypt,1995,0.1
Egypt,1994,0.1
Egypt,1993,0
Egypt,1992,0
Egypt,1991,0
Egypt,1990,0
El Salvador,2007,13.9
El Salvador,2006,14.1
El Salvador,2005,14.4
El Salvador,2004,14.6
El Salvador,2003,14.9
El Salvador,2002,15.1
El Salvador,2001,15.4
El Salvador,2000,15.6
El Salvador,1999,15.9
El Salvador,1998,16.1
El Salvador,1997,16.4
El Salvador,1996,16.6
El Salvador,1995,16.9
El Salvador,1994,17.1
El Salvador,1993,17.4
El Salvador,1992,17.6
El Salvador,1991,17.9
El Salvador,1990,18.1
Equatorial Guinea,2007,57.1
Equatorial Guinea,2006,57.6
Equatorial Guinea,2005,58.2
Equatorial Guinea,2004,58.7
Equatorial Guinea,2003,59.3
Equatorial Guinea,2002,59.8
Equatorial Guinea,2001,60.4
Equatorial Guinea,2000,60.9
Equatorial Guinea,1999,61.4
Equatorial Guinea,1998,62
Equatorial Guinea,1997,62.5
Equatorial Guinea,1996,63.1
Equatorial Guinea,1995,63.6
Equatorial Guinea,1994,64.1
Equatorial Guinea,1993,64.7
Equatorial Guinea,1992,65.2
Equatorial Guinea,1991,65.8
Equatorial Guinea,1990,66.3
Eritrea,2007,15.3
Eritrea,2006,15.4
Eritrea,2005,15.4
Eritrea,2004,15.4
Eritrea,2003,15.5
Eritrea,2002,15.5
Eritrea,2001,15.6
Eritrea,2000,15.6
Eritrea,1999,15.6
Eritrea,1998,15.7
Eritrea,1997,15.7
Eritrea,1996,15.8
Eritrea,1995,15.8
Eritrea,1994,15.9
Eritrea,1993,15.9
Estonia,2007,54.3
Estonia,2006,54.1
Estonia,2005,53.9
Estonia,2004,53.7
Estonia,2003,53.5
Estonia,2002,53.3
Estonia,2001,53.1
Estonia,2000,52.9
Estonia,1999,52.7
Estonia,1998,52.5
Estonia,1997,52.3
Estonia,1996,52.2
Estonia,1995,52
Estonia,1994,51.8
Estonia,1993,51.6
Estonia,1992,51.4
Ethiopia,2007,12.7
Ethiopia,2006,12.9
Ethiopia,2005,13
Ethiopia,2004,13.1
Ethiopia,2003,13.3
Ethiopia,2002,13.4
Ethiopia,2001,13.6
Ethiopia,2000,13.7
Ethiopia,1999,13.8
Ethiopia,1998,14
Ethiopia,1997,14.1
Ethiopia,1996,14.3
Ethiopia,1995,14.4
Ethiopia,1994,14.6
Ethiopia,1993,14.7
Ethiopia PDR,1992,14.9
Ethiopia PDR,1991,15.1
Ethiopia PDR,1990,15.2
Falkland Islands,2007,0
Falkland Islands,2006,0
Falkland Islands,2005,0
Falkland Islands,2004,0
Falkland Islands,2003,0
Falkland Islands,2002,0
Falkland Islands,2001,0
Falkland Islands,2000,0
Falkland Islands,1999,0
Falkland Islands,1998,0
Falkland Islands,1997,0
Falkland Islands,1996,0
Falkland Islands,1995,0
Falkland Islands,1994,0
Falkland Islands,1993,0
Falkland Islands,1992,0
Falkland Islands,1991,0
Falkland Islands,1990,0
Faroe Islands,2007,0.1
Faroe Islands,2006,0.1
Faroe Islands,2005,0.1
Faroe Islands,2004,0.1
Faroe Islands,2003,0.1
Faroe Islands,2002,0.1
Faroe Islands,2001,0.1
Faroe Islands,2000,0.1
Faroe Islands,1999,0.1
Faroe Islands,1998,0.1
Faroe Islands,1997,0.1
Faroe Islands,1996,0.1
Faroe Islands,1995,0.1
Faroe Islands,1994,0.1
Faroe Islands,1993,0.1
Faroe Islands,1992,0.1
Faroe Islands,1991,0.1
Faroe Islands,1990,0.1
Fiji,2007,54.7
Fiji,2006,54.7
Fiji,2005,54.7
Fiji,2004,54.7
Fiji,2003,54.7
Fiji,2002,54.7
Fiji,2001,54.7
Fiji,2000,54.7
Fiji,1999,54.6
Fiji,1998,54.5
Fiji,1997,54.4
Fiji,1996,54.3
Fiji,1995,54.2
Fiji,1994,54
Fiji,1993,53.9
Fiji,1992,53.8
Fiji,1991,53.7
Fiji,1990,53.6
Finland,2007,74
Finland,2006,74
Finland,2005,73.9
Finland,2004,73.9
Finland,2003,73.8
Finland,2002,73.8
Finland,2001,73.8
Finland,2000,73.8
Finland,1999,73.7
Finland,1998,73.6
Finland,1997,73.5
Finland,1996,73.4
Finland,1995,73.3
Finland,1994,73.2
Finland,1993,73.1
Finland,1992,73
Finland,1991,73
Finland,1990,72.9
France,2007,28.5
France,2006,28.5
France,2005,28.4
France,2004,28.3
France,2003,28.3
France,2002,28.2
France,2001,28.1
France,2000,28
France,1999,27.9
France,1998,27.7
France,1997,27.6
France,1996,27.4
France,1995,27.3
France,1994,27.1
France,1993,27
France,1992,26.8
France,1991,26.7
France,1990,26.5
French Guiana,2007,91.5
French Guiana,2006,91.5
French Guiana,2005,91.5
French Guiana,2004,91.5
French Guiana,2003,91.5
French Guiana,2002,91.5
French Guiana,2001,91.5
French Guiana,2000,91.5
French Guiana,1999,91.5
French Guiana,1998,91.5
French Guiana,1997,91.6
French Guiana,1996,91.6
French Guiana,1995,91.6
French Guiana,1994,91.7
French Guiana,1993,91.7
French Guiana,1992,91.7
French Guiana,1991,91.8
French Guiana,1990,91.8
French Polynesia,2007,28.7
French Polynesia,2006,28.7
French Polynesia,2005,28.7
French Polynesia,2004,28.7
French Polynesia,2003,28.7
French Polynesia,2002,28.7
French Polynesia,2001,28.7
French Polynesia,2000,28.7
French Polynesia,1999,28.7
French Polynesia,1998,28.7
French Polynesia,1997,28.7
French Polynesia,1996,28.7
French Polynesia,1995,28.7
French Polynesia,1994,28.7
French Polynesia,1993,28.7
French Polynesia,1992,28.7
French Polynesia,1991,28.7
French Polynesia,1990,28.7
Gabon,2007,84.4
Gabon,2006,84.5
Gabon,2005,84.5
Gabon,2004,84.5
Gabon,2003,84.6
Gabon,2002,84.6
Gabon,2001,84.7
Gabon,2000,84.7
Gabon,1999,84.7
Gabon,1998,84.8
Gabon,1997,84.8
Gabon,1996,84.9
Gabon,1995,84.9
Gabon,1994,84.9
Gabon,1993,85
Gabon,1992,85
Gabon,1991,85.1
Gabon,1990,85.1
Gambia,2007,47.5
Gambia,2006,47.3
Gambia,2005,47.1
Gambia,2004,46.9
Gambia,2003,46.7
Gambia,2002,46.5
Gambia,2001,46.3
Gambia,2000,46.1
Gambia,1999,45.9
Gambia,1998,45.7
Gambia,1997,45.5
Gambia,1996,45.3
Gambia,1995,45.2
Gambia,1994,45
Gambia,1993,44.8
Gambia,1992,44.6
Gambia,1991,44.4
Gambia,1990,44.2
Georgia,2007,39.7
Georgia,2006,39.7
Georgia,2005,39.7
Georgia,2004,39.7
Georgia,2003,39.7
Georgia,2002,39.7
Georgia,2001,39.7
Georgia,2000,39.7
Georgia,1999,39.7
Georgia,1998,39.7
Georgia,1997,39.7
Georgia,1996,39.7
Georgia,1995,39.7
Georgia,1994,39.7
Georgia,1993,39.7
Georgia,1992,39.7
Germany,2007,31.8
Germany,2006,31.8
Germany,2005,31.8
Germany,2004,31.8
Germany,2003,31.8
Germany,2002,31.8
Germany,2001,31.8
Germany,2000,31.8
Germany,1999,31.7
Germany,1998,31.6
Germany,1997,31.5
Germany,1996,31.4
Germany,1995,31.3
Germany,1994,31.2
Germany,1993,31.1
Germany,1992,31
Germany,1991,30.9
Germany,1990,30.8
Ghana,2007,23.2
Ghana,2006,23.7
Ghana,2005,24.2
Ghana,2004,24.8
Ghana,2003,25.3
Ghana,2002,25.8
Ghana,2001,26.3
Ghana,2000,26.8
Ghana,1999,27.4
Ghana,1998,28
Ghana,1997,28.6
Ghana,1996,29.2
Ghana,1995,29.8
Ghana,1994,30.4
Ghana,1993,30.9
Ghana,1992,31.5
Ghana,1991,32.1
Ghana,1990,32.7
Greece,2007,29.6
Greece,2006,29.3
Greece,2005,29.1
Greece,2004,28.9
Greece,2003,28.6
Greece,2002,28.4
Greece,2001,28.2
Greece,2000,27.9
Greece,1999,27.7
Greece,1998,27.5
Greece,1997,27.2
Greece,1996,27
Greece,1995,26.8
Greece,1994,26.5
Greece,1993,26.3
Greece,1992,26.1
Greece,1991,25.8
Greece,1990,25.6
Greenland,2007,0
Greenland,2006,0
Greenland,2005,0
Greenland,2004,0
Greenland,2003,0
Greenland,2002,0
Greenland,2001,0
Greenland,2000,0
Greenland,1999,0
Greenland,1998,0
Greenland,1997,0
Greenland,1996,0
Greenland,1995,0
Greenland,1994,0
Greenland,1993,0
Greenland,1992,0
Greenland,1991,0
Greenland,1990,0
Grenada,2007,12.1
Grenada,2006,12.1
Grenada,2005,12.1
Grenada,2004,12.1
Grenada,2003,12.1
Grenada,2002,12.1
Grenada,2001,12.1
Grenada,2000,12.1
Grenada,1999,12.1
Grenada,1998,12.1
Grenada,1997,12.1
Grenada,1996,12.1
Grenada,1995,12.1
Grenada,1994,12.1
Grenada,1993,12.1
Grenada,1992,12.1
Grenada,1991,12.1
Grenada,1990,12.4
Guadeloupe,2007,46.9
Guadeloupe,2006,47.1
Guadeloupe,2005,47.2
Guadeloupe,2004,47.3
Guadeloupe,2003,47.5
Guadeloupe,2002,47.6
Guadeloupe,2001,47.8
Guadeloupe,2000,47.9
Guadeloupe,1999,48.1
Guadeloupe,1998,48.2
Guadeloupe,1997,48.4
Guadeloupe,1996,48.5
Guadeloupe,1995,48.7
Guadeloupe,1994,48.8
Guadeloupe,1993,49
Guadeloupe,1992,49.1
Guadeloupe,1991,49.3
Guadeloupe,1990,49.4
Guam,2007,48
Guam,2006,48
Guam,2005,48
Guam,2004,48
Guam,2003,48
Guam,2002,48
Guam,2001,48
Guam,2000,48
Guam,1999,48
Guam,1998,48
Guam,1997,48
Guam,1996,48
Guam,1995,48
Guam,1994,48
Guam,1993,48
Guam,1992,48
Guam,1991,48
Guam,1990,48
Guatemala,2007,35.7
Guatemala,2006,36.2
Guatemala,2005,36.7
Guatemala,2004,37.3
Guatemala,2003,37.8
Guatemala,2002,38.3
Guatemala,2001,38.8
Guatemala,2000,39.3
Guatemala,1999,39.8
Guatemala,1998,40.3
Guatemala,1997,40.8
Guatemala,1996,41.3
Guatemala,1995,41.8
Guatemala,1994,42.3
Guatemala,1993,42.8
Guatemala,1992,43.3
Guatemala,1991,43.8
Guatemala,1990,44.3
Guinea,2007,27.1
Guinea,2006,27.2
Guinea,2005,27.4
Guinea,2004,27.5
Guinea,2003,27.7
Guinea,2002,27.8
Guinea,2001,28
Guinea,2000,28.1
Guinea,1999,28.3
Guinea,1998,28.5
Guinea,1997,28.7
Guinea,1996,28.9
Guinea,1995,29.1
Guinea,1994,29.3
Guinea,1993,29.5
Guinea,1992,29.7
Guinea,1991,29.9
Guinea,1990,30.1
Guinea-Bissau,2007,73
Guinea-Bissau,2006,73.3
Guinea-Bissau,2005,73.7
Guinea-Bissau,2004,74
Guinea-Bissau,2003,74.4
Guinea-Bissau,2002,74.7
Guinea-Bissau,2001,75
Guinea-Bissau,2000,75.4
Guinea-Bissau,1999,75.7
Guinea-Bissau,1998,76.1
Guinea-Bissau,1997,76.4
Guinea-Bissau,1996,76.8
Guinea-Bissau,1995,77.1
Guinea-Bissau,1994,77.5
Guinea-Bissau,1993,77.8
Guinea-Bissau,1992,78.1
Guinea-Bissau,1991,78.5
Guinea-Bissau,1990,78.8
Guyana,2007,76.7
Guyana,2006,76.7
Guyana,2005,76.7
Guyana,2004,76.7
Guyana,2003,76.7
Guyana,2002,76.7
Guyana,2001,76.7
Guyana,2000,76.7
Guyana,1999,76.7
Guyana,1998,76.7
Guyana,1997,76.7
Guyana,1996,76.7
Guyana,1995,76.7
Guyana,1994,76.7
Guyana,1993,76.7
Guyana,1992,76.7
Guyana,1991,76.7
Guyana,1990,76.7
Haiti,2007,3.8
Haiti,2006,3.8
Haiti,2005,3.8
Haiti,2004,3.8
Haiti,2003,3.9
Haiti,2002,3.9
Haiti,2001,3.9
Haiti,2000,4
Haiti,1999,4
Haiti,1998,4
Haiti,1997,4
Haiti,1996,4.1
Haiti,1995,4.1
Haiti,1994,4.1
Haiti,1993,4.1
Haiti,1992,4.2
Haiti,1991,4.2
Haiti,1990,4.2
Honduras,2007,38.7
Honduras,2006,40.1
Honduras,2005,41.5
Honduras,2004,42.9
Honduras,2003,44.3
Honduras,2002,45.7
Honduras,2001,47.1
Honduras,2000,48.5
Honduras,1999,50.3
Honduras,1998,52
Honduras,1997,53.8
Honduras,1996,55.5
Honduras,1995,57.3
Honduras,1994,59
Honduras,1993,60.8
Honduras,1992,62.5
Honduras,1991,64.3
Honduras,1990,66
Hungary,2007,22.4
Hungary,2006,22.2
Hungary,2005,22.1
Hungary,2004,21.9
Hungary,2003,21.7
Hungary,2002,21.6
Hungary,2001,21.4
Hungary,2000,21.3
Hungary,1999,21.1
Hungary,1998,21
Hungary,1997,20.9
Hungary,1996,20.8
Hungary,1995,20.6
Hungary,1994,20.5
Hungary,1993,20.4
Hungary,1992,20.3
Hungary,1991,20.2
Hungary,1990,20
Iceland,2007,0.5
Iceland,2006,0.5
Iceland,2005,0.5
Iceland,2004,0.4
Iceland,2003,0.4
Iceland,2002,0.4
Iceland,2001,0.4
Iceland,2000,0.4
Iceland,1999,0.4
Iceland,1998,0.4
Iceland,1997,0.3
Iceland,1996,0.3
Iceland,1995,0.3
Iceland,1994,0.3
Iceland,1993,0.3
Iceland,1992,0.3
Iceland,1991,0.3
Iceland,1990,0.2
India,2007,22.8
India,2006,22.8
India,2005,22.8
India,2004,22.8
India,2003,22.8
India,2002,22.7
India,2001,22.7
India,2000,22.7
India,1999,22.6
India,1998,22.5
India,1997,22.4
India,1996,22.2
India,1995,22.1
India,1994,22
India,1993,21.9
India,1992,21.7
India,1991,21.6
India,1990,21.5
Indonesia,2007,46.8
Indonesia,2006,47.8
Indonesia,2005,48.8
Indonesia,2004,49.9
Indonesia,2003,50.9
Indonesia,2002,51.9
Indonesia,2001,53
Indonesia,2000,54
Indonesia,1999,55
Indonesia,1998,56.1
Indonesia,1997,57.1
Indonesia,1996,58.1
Indonesia,1995,59.2
Indonesia,1994,60.2
Indonesia,1993,61.2
Indonesia,1992,62.3
Indonesia,1991,63.3
Indonesia,1990,64.3
Iran,2007,6.8
Iran,2006,6.8
Iran,2005,6.8
Iran,2004,6.8
Iran,2003,6.8
Iran,2002,6.8
Iran,2001,6.8
Iran,2000,6.8
Iran,1999,6.8
Iran,1998,6.8
Iran,1997,6.8
Iran,1996,6.8
Iran,1995,6.8
Iran,1994,6.8
Iran,1993,6.8
Iran,1992,6.8
Iran,1991,6.8
Iran,1990,6.8
Iraq,2007,1.9
Iraq,2006,1.9
Iraq,2005,1.9
Iraq,2004,1.9
Iraq,2003,1.9
Iraq,2002,1.9
Iraq,2001,1.9
Iraq,2000,1.9
Iraq,1999,1.9
Iraq,1998,1.9
Iraq,1997,1.9
Iraq,1996,1.9
Iraq,1995,1.9
Iraq,1994,1.9
Iraq,1993,1.8
Iraq,1992,1.8
Iraq,1991,1.8
Iraq,1990,1.8
Ireland,2007,10.1
Ireland,2006,9.9
Ireland,2005,9.7
Ireland,2004,9.5
Ireland,2003,9.4
Ireland,2002,9.2
Ireland,2001,9
Ireland,2000,8.8
Ireland,1999,8.6
Ireland,1998,8.4
Ireland,1997,8.1
Ireland,1996,7.9
Ireland,1995,7.6
Ireland,1994,7.4
Ireland,1993,7.1
Ireland,1992,6.9
Ireland,1991,6.6
Ireland,1990,6.4
Isle of Man,2007,6.1
Isle of Man,2006,6.1
Isle of Man,2005,6.1
Isle of Man,2004,6.1
Isle of Man,2003,6.1
Isle of Man,2002,6.1
Isle of Man,2001,6.1
Isle of Man,2000,6.1
Isle of Man,1999,6.1
Isle of Man,1998,6.1
Isle of Man,1997,6.1
Isle of Man,1996,6.1
Isle of Man,1995,6.1
Isle of Man,1994,6.1
Isle of Man,1993,6.1
Isle of Man,1992,6.1
Isle of Man,1991,6.1
Isle of Man,1990,6.1
Israel,2007,8
Israel,2006,8
Israel,2005,7.9
Israel,2004,7.8
Israel,2003,7.8
Israel,2002,7.7
Israel,2001,7.6
Israel,2000,7.6
Israel,1999,7.5
Israel,1998,7.5
Israel,1997,7.4
Israel,1996,7.4
Israel,1995,7.3
Israel,1994,7.3
Israel,1993,7.3
Israel,1992,7.2
Israel,1991,7.2
Israel,1990,7.1
Italy,2007,34.6
Italy,2006,34.3
Italy,2005,33.9
Italy,2004,33.6
Italy,2003,33.2
Italy,2002,32.8
Italy,2001,32.5
Italy,2000,32.1
Italy,1999,31.8
Italy,1998,31.4
Italy,1997,31
Italy,1996,30.7
Italy,1995,30.3
Italy,1994,30
Italy,1993,29.6
Italy,1992,29.2
Italy,1991,28.9
Italy,1990,28.5
Jamaica,2007,31.2
Jamaica,2006,31.3
Jamaica,2005,31.3
Jamaica,2004,31.3
Jamaica,2003,31.4
Jamaica,2002,31.4
Jamaica,2001,31.4
Jamaica,2000,31.5
Jamaica,1999,31.5
Jamaica,1998,31.6
Jamaica,1997,31.6
Jamaica,1996,31.6
Jamaica,1995,31.7
Jamaica,1994,31.7
Jamaica,1993,31.7
Jamaica,1992,31.8
Jamaica,1991,31.8
Jamaica,1990,31.9
Japan,2007,68.2
Japan,2006,68.2
Japan,2005,68.2
Japan,2004,68.2
Japan,2003,68.2
Japan,2002,68.2
Japan,2001,68.2
Japan,2000,68.2
Japan,1999,68.3
Japan,1998,68.3
Japan,1997,68.3
Japan,1996,68.3
Japan,1995,68.3
Japan,1994,68.3
Japan,1993,68.4
Japan,1992,68.4
Japan,1991,68.4
Japan,1990,68.4
Jordan,2007,0.9
Jordan,2006,0.9
Jordan,2005,0.9
Jordan,2004,0.9
Jordan,2003,0.9
Jordan,2002,0.9
Jordan,2001,0.9
Jordan,2000,0.9
Jordan,1999,0.9
Jordan,1998,0.9
Jordan,1997,0.9
Jordan,1996,0.9
Jordan,1995,0.9
Jordan,1994,0.9
Jordan,1993,0.9
Jordan,1992,0.9
Jordan,1991,0.9
Jordan,1990,0.9
Kazakhstan,2007,1.2
Kazakhstan,2006,1.2
Kazakhstan,2005,1.2
Kazakhstan,2004,1.2
Kazakhstan,2003,1.2
Kazakhstan,2002,1.2
Kazakhstan,2001,1.2
Kazakhstan,2000,1.2
Kazakhstan,1999,1.2
Kazakhstan,1998,1.3
Kazakhstan,1997,1.3
Kazakhstan,1996,1.3
Kazakhstan,1995,1.3
Kazakhstan,1994,1.3
Kazakhstan,1993,1.3
Kazakhstan,1992,1.3
Kenya,2007,6.1
Kenya,2006,6.2
Kenya,2005,6.2
Kenya,2004,6.2
Kenya,2003,6.2
Kenya,2002,6.3
Kenya,2001,6.3
Kenya,2000,6.3
Kenya,1999,6.3
Kenya,1998,6.3
Kenya,1997,6.4
Kenya,1996,6.4
Kenya,1995,6.4
Kenya,1994,6.4
Kenya,1993,6.4
Kenya,1992,6.5
Kenya,1991,6.5
Kenya,1990,6.5
Kiribati,2007,2.7
Kiribati,2006,2.7
Kiribati,2005,2.7
Kiribati,2004,2.7
Kiribati,2003,2.7
Kiribati,2002,2.7
Kiribati,2001,2.7
Kiribati,2000,2.7
Kiribati,1999,2.7
Kiribati,1998,2.7
Kiribati,1997,2.7
Kiribati,1996,2.7
Kiribati,1995,2.7
Kiribati,1994,2.7
Kiribati,1993,2.7
Kiribati,1992,2.7
Kiribati,1991,2.7
Kiribati,1990,2.7
Korea Dem. Rep.,2007,49.3
Korea Dem. Rep.,2006,50.3
Korea Dem. Rep.,2005,51.4
Korea Dem. Rep.,2004,52.4
Korea Dem. Rep.,2003,53.5
Korea Dem. Rep.,2002,54.5
Korea Dem. Rep.,2001,55.6
Korea Dem. Rep.,2000,56.6
Korea Dem. Rep.,1999,57.8
Korea Dem. Rep.,1998,58.9
Korea Dem. Rep.,1997,60.1
Korea Dem. Rep.,1996,61.2
Korea Dem. Rep.,1995,62.4
Korea Dem. Rep.,1994,63.5
Korea Dem. Rep.,1993,64.7
Korea Dem. Rep.,1992,65.8
Korea Dem. Rep.,1991,67
Korea Dem. Rep.,1990,68.1
Korea Rep.,2007,64.5
Korea Rep.,2006,64.6
Korea Rep.,2005,64.7
Korea Rep.,2004,64.8
Korea Rep.,2003,64.9
Korea Rep.,2002,64.9
Korea Rep.,2001,65.1
Korea Rep.,2000,63.8
Korea Rep.,1999,63.9
Korea Rep.,1998,64
Korea Rep.,1997,64
Korea Rep.,1996,64.1
Korea Rep.,1995,64.2
Korea Rep.,1994,64.2
Korea Rep.,1993,64.3
Korea Rep.,1992,64.4
Korea Rep.,1991,64.5
Korea Rep.,1990,64.5
Kuwait,2007,0.3
Kuwait,2006,0.3
Kuwait,2005,0.3
Kuwait,2004,0.3
Kuwait,2003,0.3
Kuwait,2002,0.3
Kuwait,2001,0.3
Kuwait,2000,0.3
Kuwait,1999,0.3
Kuwait,1998,0.3
Kuwait,1997,0.2
Kuwait,1996,0.2
Kuwait,1995,0.2
Kuwait,1994,0.2
Kuwait,1993,0.2
Kuwait,1992,0.2
Kuwait,1991,0.2
Kuwait,1990,0.2
Kyrgyzstan,2007,4.6
Kyrgyzstan,2006,4.5
Kyrgyzstan,2005,4.5
Kyrgyzstan,2004,4.5
Kyrgyzstan,2003,4.5
Kyrgyzstan,2002,4.5
Kyrgyzstan,2001,4.5
Kyrgyzstan,2000,4.5
Kyrgyzstan,1999,4.5
Kyrgyzstan,1998,4.5
Kyrgyzstan,1997,4.4
Kyrgyzstan,1996,4.4
Kyrgyzstan,1995,4.4
Kyrgyzstan,1994,4.4
Kyrgyzstan,1993,4.4
Kyrgyzstan,1992,4.4
Laos,2007,69.3
Laos,2006,69.6
Laos,2005,69.9
Laos,2004,70.3
Laos,2003,70.6
Laos,2002,71
Laos,2001,71.3
Laos,2000,71.6
Laos,1999,72
Laos,1998,72.3
Laos,1997,72.6
Laos,1996,73
Laos,1995,73.3
Laos,1994,73.7
Laos,1993,74
Laos,1992,74.3
Laos,1991,74.7
Laos,1990,75
Latvia,2007,47.6
Latvia,2006,47.4
Latvia,2005,47.2
Latvia,2004,47
Latvia,2003,46.9
Latvia,2002,46.7
Latvia,2001,46.5
Latvia,2000,46.5
Latvia,1999,46.3
Latvia,1998,46.1
Latvia,1997,46
Latvia,1996,45.8
Latvia,1995,45.6
Latvia,1994,45.4
Latvia,1993,45.3
Latvia,1992,45.1
Lebanon,2007,13.6
Lebanon,2006,13.5
Lebanon,2005,13.3
Lebanon,2004,13.2
Lebanon,2003,13.1
Lebanon,2002,13
Lebanon,2001,12.9
Lebanon,2000,12.8
Lebanon,1999,12.7
Lebanon,1998,12.6
Lebanon,1997,12.5
Lebanon,1996,12.4
Lebanon,1995,12.3
Lebanon,1994,12.2
Lebanon,1993,12.1
Lebanon,1992,12
Lebanon,1991,11.9
Lebanon,1990,11.8
Lesotho,2007,0.3
Lesotho,2006,0.3
Lesotho,2005,0.3
Lesotho,2004,0.3
Lesotho,2003,0.3
Lesotho,2002,0.2
Lesotho,2001,0.2
Lesotho,2000,0.2
Lesotho,1999,0.2
Lesotho,1998,0.2
Lesotho,1997,0.2
Lesotho,1996,0.2
Lesotho,1995,0.2
Lesotho,1994,0.2
Lesotho,1993,0.2
Lesotho,1992,0.2
Lesotho,1991,0.2
Lesotho,1990,0.2
Liberia,2007,31.5
Liberia,2006,32.1
Liberia,2005,32.7
Liberia,2004,33.4
Liberia,2003,34
Liberia,2002,34.6
Liberia,2001,35.2
Liberia,2000,35.9
Liberia,1999,36.5
Liberia,1998,37.1
Liberia,1997,37.7
Liberia,1996,38.4
Liberia,1995,39
Liberia,1994,39.6
Liberia,1993,40.3
Liberia,1992,40.9
Liberia,1991,41.5
Liberia,1990,42.1
Libya,2007,0.1
Libya,2006,0.1
Libya,2005,0.1
Libya,2004,0.1
Libya,2003,0.1
Libya,2002,0.1
Libya,2001,0.1
Libya,2000,0.1
Libya,1999,0.1
Libya,1998,0.1
Libya,1997,0.1
Libya,1996,0.1
Libya,1995,0.1
Libya,1994,0.1
Libya,1993,0.1
Libya,1992,0.1
Libya,1991,0.1
Libya,1990,0.1
Liechtenstein,2007,43.1
Liechtenstein,2006,43.1
Liechtenstein,2005,43.1
Liechtenstein,2004,43.1
Liechtenstein,2003,43.1
Liechtenstein,2002,43.1
Liechtenstein,2001,43.1
Liechtenstein,2000,43.1
Liechtenstein,1999,43.1
Liechtenstein,1998,42.5
Liechtenstein,1997,42.5
Liechtenstein,1996,41.9
Liechtenstein,1995,41.9
Liechtenstein,1994,41.9
Liechtenstein,1993,41.2
Liechtenstein,1992,41.2
Liechtenstein,1991,40.6
Liechtenstein,1990,40.6
Lithuania,2007,34
Lithuania,2006,33.7
Lithuania,2005,33.5
Lithuania,2004,33.2
Lithuania,2003,33
Lithuania,2002,32.7
Lithuania,2001,32.5
Lithuania,2000,32.2
Lithuania,1999,32.1
Lithuania,1998,32
Lithuania,1997,31.9
Lithuania,1996,31.7
Lithuania,1995,31.6
Lithuania,1994,31.5
Lithuania,1993,31.4
Lithuania,1992,31.3
Luxembourg,2007,33.5
Luxembourg,2006,33.5
Luxembourg,2005,33.5
Luxembourg,2004,33.5
Luxembourg,2003,33.5
Luxembourg,2002,33.5
Luxembourg,2001,33.5
Luxembourg,2000,33.5
Madagascar,2007,21.9
Madagascar,2006,22
Madagascar,2005,22.1
Madagascar,2004,22.1
Madagascar,2003,22.2
Madagascar,2002,22.3
Madagascar,2001,22.3
Madagascar,2000,22.4
Madagascar,1999,22.5
Madagascar,1998,22.6
Madagascar,1997,22.7
Madagascar,1996,22.9
Madagascar,1995,23
Madagascar,1994,23.1
Madagascar,1993,23.2
Madagascar,1992,23.3
Madagascar,1991,23.4
Madagascar,1990,23.5
Malawi,2007,35.5
Malawi,2006,35.8
Malawi,2005,36.2
Malawi,2004,36.5
Malawi,2003,36.9
Malawi,2002,37.2
Malawi,2001,37.6
Malawi,2000,37.9
Malawi,1999,38.3
Malawi,1998,38.6
Malawi,1997,39
Malawi,1996,39.3
Malawi,1995,39.7
Malawi,1994,40
Malawi,1993,40.4
Malawi,1992,40.7
Malawi,1991,41.1
Malawi,1990,41.4
Malaysia,2007,62.7
Malaysia,2006,63.2
Malaysia,2005,63.6
Malaysia,2004,64
Malaysia,2003,64.4
Malaysia,2002,64.9
Malaysia,2001,65.3
Malaysia,2000,65.7
Malaysia,1999,66
Malaysia,1998,66.2
Malaysia,1997,66.4
Malaysia,1996,66.7
Malaysia,1995,66.9
Malaysia,1994,67.1
Malaysia,1993,67.4
Malaysia,1992,67.6
Malaysia,1991,67.9
Malaysia,1990,68.1
Maldives,2007,3
Maldives,2006,3
Maldives,2005,3
Maldives,2004,3
Maldives,2003,3
Maldives,2002,3
Maldives,2001,3
Maldives,2000,3
Maldives,1999,3
Maldives,1998,3
Maldives,1997,3
Maldives,1996,3
Maldives,1995,3
Maldives,1994,3
Maldives,1993,3
Maldives,1992,3
Maldives,1991,3
Maldives,1990,3
Mali,2007,10.1
Mali,2006,10.2
Mali,2005,10.3
Mali,2004,10.4
Mali,2003,10.5
Mali,2002,10.5
Mali,2001,10.6
Mali,2000,10.7
Mali,1999,10.8
Mali,1998,10.9
Mali,1997,11
Mali,1996,11
Mali,1995,11.1
Mali,1994,11.2
Mali,1993,11.3
Mali,1992,11.4
Mali,1991,11.5
Mali,1990,11.5
Malta,2007,0.9
Malta,2006,0.9
Malta,2005,0.9
Malta,2004,0.9
Malta,2003,0.9
Malta,2002,0.9
Malta,2001,0.9
Malta,2000,0.9
Malta,1999,0.9
Malta,1998,0.9
Malta,1997,0.9
Malta,1996,0.9
Malta,1995,0.9
Malta,1994,0.9
Malta,1993,0.9
Malta,1992,0.9
Malta,1991,0.9
Malta,1990,0.9
Martinique,2007,43.9
Martinique,2006,43.9
Martinique,2005,43.9
Martinique,2004,43.9
Martinique,2003,43.9
Martinique,2002,43.9
Martinique,2001,43.9
Martinique,2000,43.9
Martinique,1999,43.9
Martinique,1998,43.9
Martinique,1997,43.9
Martinique,1996,43.9
Martinique,1995,43.9
Martinique,1994,43.9
Martinique,1993,43.9
Martinique,1992,43.9
Martinique,1991,43.9
Martinique,1990,43.9
Mauritania,2007,0.2
Mauritania,2006,0.2
Mauritania,2005,0.3
Mauritania,2004,0.3
Mauritania,2003,0.3
Mauritania,2002,0.3
Mauritania,2001,0.3
Mauritania,2000,0.3
Mauritania,1999,0.3
Mauritania,1998,0.3
Mauritania,1997,0.3
Mauritania,1996,0.3
Mauritania,1995,0.4
Mauritania,1994,0.4
Mauritania,1993,0.4
Mauritania,1992,0.4
Mauritania,1991,0.4
Mauritania,1990,0.4
Mauritius,2007,18
Mauritius,2006,18.1
Mauritius,2005,18.2
Mauritius,2004,18.3
Mauritius,2003,18.4
Mauritius,2002,18.5
Mauritius,2001,18.6
Mauritius,2000,18.7
Mauritius,1999,18.8
Mauritius,1998,18.8
Mauritius,1997,18.9
Mauritius,1996,18.9
Mauritius,1995,19
Mauritius,1994,19
Mauritius,1993,19.1
Mauritius,1992,19.1
Mauritius,1991,19.2
Mauritius,1990,19.2
Mayotte,2007,14.4
Mayotte,2006,14.7
Mayotte,2005,14.7
Mayotte,2004,14.7
Mayotte,2003,14.7
Mayotte,2002,15
Mayotte,2001,15
Mayotte,2000,15
Mayotte,1999,15
Mayotte,1998,15.2
Mayotte,1997,15.2
Mayotte,1996,15.2
Mayotte,1995,15.2
Mayotte,1994,15.2
Mayotte,1993,15.5
Mayotte,1992,15.5
Mayotte,1991,15.5
Mayotte,1990,15.5
Mexico,2007,32.8
Mexico,2006,32.9
Mexico,2005,33
Mexico,2004,33.2
Mexico,2003,33.3
Mexico,2002,33.4
Mexico,2001,33.6
Mexico,2000,33.7
Mexico,1999,33.9
Mexico,1998,34.1
Mexico,1997,34.3
Mexico,1996,34.4
Mexico,1995,34.6
Mexico,1994,34.8
Mexico,1993,35
Mexico,1992,35.1
Mexico,1991,35.3
Mexico,1990,35.5
"Micronesia, Federated States of",2007,90.6
"Micronesia, Federated States of",2006,90.6
"Micronesia, Federated States of",2005,90.6
"Micronesia, Federated States of",2004,90.6
"Micronesia, Federated States of",2003,90.6
"Micronesia, Federated States of",2002,90.6
"Micronesia, Federated States of",2001,90.6
"Micronesia, Federated States of",2000,90.6
"Micronesia, Federated States of",1999,90.6
"Micronesia, Federated States of",1998,90.6
"Micronesia, Federated States of",1997,90.6
"Micronesia, Federated States of",1996,90.6
"Micronesia, Federated States of",1995,90.6
Moldova,2007,10
Moldova,2006,10
Moldova,2005,10
Moldova,2004,10
Moldova,2003,10
Moldova,2002,10
Moldova,2001,9.9
Moldova,2000,9.9
Moldova,1999,9.9
Moldova,1998,9.9
Moldova,1997,9.8
Moldova,1996,9.8
Moldova,1995,9.8
Moldova,1994,9.8
Moldova,1993,9.7
Moldova,1992,9.7
Mongolia,2007,6.5
Mongolia,2006,6.5
Mongolia,2005,6.6
Mongolia,2004,6.7
Mongolia,2003,6.7
Mongolia,2002,6.8
Mongolia,2001,6.8
Mongolia,2000,6.9
Mongolia,1999,6.9
Mongolia,1998,7
Mongolia,1997,7
Mongolia,1996,7.1
Mongolia,1995,7.1
Mongolia,1994,7.2
Mongolia,1993,7.2
Mongolia,1992,7.3
Mongolia,1991,7.3
Mongolia,1990,7.4
Montenegro,2007,46.5
Montenegro,2006,46.3
Montserrat,2007,35
Montserrat,2006,35
Montserrat,2005,35
Montserrat,2004,35
Montserrat,2003,35
Montserrat,2002,35
Montserrat,2001,35
Montserrat,2000,35
Montserrat,1999,35
Montserrat,1998,35
Montserrat,1997,35
Montserrat,1996,35
Montserrat,1995,35
Montserrat,1994,35
Montserrat,1993,35
Montserrat,1992,35
Montserrat,1991,35
Montserrat,1990,35
Morocco,2007,9.8
Morocco,2006,9.8
Morocco,2005,9.8
Morocco,2004,9.8
Morocco,2003,9.7
Morocco,2002,9.7
Morocco,2001,9.7
Morocco,2000,9.7
Morocco,1999,9.7
Morocco,1998,9.7
Morocco,1997,9.7
Morocco,1996,9.7
Morocco,1995,9.7
Morocco,1994,9.6
Morocco,1993,9.6
Morocco,1992,9.6
Morocco,1991,9.6
Morocco,1990,9.6
Mozambique,2007,24.4
Mozambique,2006,24.4
Mozambique,2005,24.5
Mozambique,2004,24.6
Mozambique,2003,24.6
Mozambique,2002,24.7
Mozambique,2001,24.7
Mozambique,2000,24.8
Mozambique,1999,24.9
Mozambique,1998,24.9
Mozambique,1997,25
Mozambique,1996,25.1
Mozambique,1995,25.1
Mozambique,1994,25.2
Mozambique,1993,25.3
Mozambique,1992,25.3
Mozambique,1991,25.4
Mozambique,1990,25.4
Myanmar,2007,47.9
Myanmar,2006,48.6
Myanmar,2005,49.3
Myanmar,2004,50
Myanmar,2003,50.7
Myanmar,2002,51.4
Myanmar,2001,52.2
Myanmar,2000,52.9
Myanmar,1999,53.6
Myanmar,1998,54.3
Myanmar,1997,55
Myanmar,1996,55.7
Myanmar,1995,56.4
Myanmar,1994,57.2
Myanmar,1993,57.9
Myanmar,1992,58.6
Myanmar,1991,59.3
Myanmar,1990,60
Namibia,2007,9.1
Namibia,2006,9.2
Namibia,2005,9.3
Namibia,2004,9.4
Namibia,2003,9.5
Namibia,2002,9.6
Namibia,2001,9.7
Namibia,2000,9.8
Namibia,1999,9.8
Namibia,1998,9.9
Namibia,1997,10
Namibia,1996,10.1
Namibia,1995,10.2
Namibia,1994,10.3
Namibia,1993,10.4
Namibia,1992,10.5
Namibia,1991,10.6
Namibia,1990,10.6
Nepal,2007,24.6
Nepal,2006,25
Nepal,2005,25.4
Nepal,2004,25.7
Nepal,2003,26.1
Nepal,2002,26.5
Nepal,2001,26.8
Nepal,2000,27.2
Nepal,1999,27.9
Nepal,1998,28.6
Nepal,1997,29.2
Nepal,1996,29.8
Nepal,1995,30.5
Nepal,1994,31.1
Nepal,1993,31.8
Nepal,1992,32.4
Nepal,1991,33
Nepal,1990,33.7
Netherlands,2007,10.9
Netherlands,2006,10.8
Netherlands,2005,10.8
Netherlands,2004,10.8
Netherlands,2003,10.8
Netherlands,2002,10.7
Netherlands,2001,10.7
Netherlands,2000,10.7
Netherlands,1999,10.6
Netherlands,1998,10.6
Netherlands,1997,10.5
Netherlands,1996,10.5
Netherlands,1995,10.4
Netherlands,1994,10.4
Netherlands,1993,10.4
Netherlands,1992,10.3
Netherlands,1991,10.3
Netherlands,1990,10.2
Netherlands Antilles,2007,1.5
Netherlands Antilles,2006,1.5
Netherlands Antilles,2005,1.5
Netherlands Antilles,2004,1.5
Netherlands Antilles,2003,1.5
Netherlands Antilles,2002,1.5
Netherlands Antilles,2001,1.5
Netherlands Antilles,2000,1.5
Netherlands Antilles,1999,1.5
Netherlands Antilles,1998,1.5
Netherlands Antilles,1997,1.5
Netherlands Antilles,1996,1.5
Netherlands Antilles,1995,1.5
Netherlands Antilles,1994,1.5
Netherlands Antilles,1993,1.5
Netherlands Antilles,1992,1.5
Netherlands Antilles,1991,1.5
Netherlands Antilles,1990,1.5
New Caledonia,2007,39.2
New Caledonia,2006,39.2
New Caledonia,2005,39.2
New Caledonia,2004,39.2
New Caledonia,2003,39.2
New Caledonia,2002,39.2
New Caledonia,2001,39.2
New Caledonia,2000,39.2
New Caledonia,1999,39.2
New Caledonia,1998,39.2
New Caledonia,1997,39.2
New Caledonia,1996,39.2
New Caledonia,1995,39.2
New Caledonia,1994,39.2
New Caledonia,1993,39.2
New Caledonia,1992,39.2
New Caledonia,1991,39.2
New Caledonia,1990,39.2
New Zealand,2007,31.2
New Zealand,2006,31.1
New Zealand,2005,31
New Zealand,2004,31
New Zealand,2003,30.9
New Zealand,2002,30.9
New Zealand,2001,30.8
New Zealand,2000,30.7
New Zealand,1999,30.5
New Zealand,1998,30.3
New Zealand,1997,30.2
New Zealand,1996,30
New Zealand,1995,29.8
New Zealand,1994,29.6
New Zealand,1993,29.4
New Zealand,1992,29.2
New Zealand,1991,29
New Zealand,1990,28.8
Nicaragua,2007,41.5
Nicaragua,2006,42.1
Nicaragua,2005,43.2
Nicaragua,2004,43.8
Nicaragua,2003,44.4
Nicaragua,2002,45
Nicaragua,2001,45.6
Nicaragua,2000,46.2
Nicaragua,1999,47
Nicaragua,1998,47.8
Nicaragua,1997,48.7
Nicaragua,1996,49.5
Nicaragua,1995,50.3
Nicaragua,1994,51.2
Nicaragua,1993,52
Nicaragua,1992,52.8
Nicaragua,1991,53.7
Nicaragua,1990,54.5
Niger,2007,1
Niger,2006,1
Niger,2005,1
Niger,2004,1
Niger,2003,1
Niger,2002,1
Niger,2001,1
Niger,2000,1
Niger,1999,1.1
Niger,1998,1.1
Niger,1997,1.2
Niger,1996,1.2
Niger,1995,1.3
Niger,1994,1.3
Niger,1993,1.4
Niger,1992,1.4
Niger,1991,1.5
Niger,1990,1.5
Nigeria,2007,11.3
Nigeria,2006,11.7
Nigeria,2005,12.2
Nigeria,2004,12.6
Nigeria,2003,13.1
Nigeria,2002,13.5
Nigeria,2001,14
Nigeria,2000,14.4
Nigeria,1999,14.9
Nigeria,1998,15.3
Nigeria,1997,15.8
Nigeria,1996,16.2
Nigeria,1995,16.7
Nigeria,1994,17.1
Nigeria,1993,17.6
Nigeria,1992,18
Nigeria,1991,18.5
Nigeria,1990,18.9
Niue,2007,52.7
Niue,2006,53.5
Niue,2005,54.2
Niue,2004,55
Niue,2003,55.8
Niue,2002,56.5
Niue,2001,57.3
Niue,2000,58.1
Niue,1999,58.8
Niue,1998,59.6
Niue,1997,60.4
Niue,1996,61.2
Niue,1995,62.3
Niue,1994,63.1
Niue,1993,63.8
Niue,1992,64.6
Niue,1991,65.4
Niue,1990,66.2
Northern Mariana Islands,2007,72.2
Northern Mariana Islands,2006,72.2
Northern Mariana Islands,2005,72.4
Northern Mariana Islands,2004,72.6
Northern Mariana Islands,2003,72.8
Northern Mariana Islands,2002,73
Northern Mariana Islands,2001,73.3
Northern Mariana Islands,2000,73.5
Northern Mariana Islands,1999,73.5
Northern Mariana Islands,1998,73.7
Northern Mariana Islands,1997,73.9
Northern Mariana Islands,1996,74.1
Northern Mariana Islands,1995,74.3
Norway,2007,31
Norway,2006,30.9
Norway,2005,30.8
Norway,2004,30.8
Norway,2003,30.7
Norway,2002,30.7
Norway,2001,30.6
Norway,2000,30.6
Norway,1999,30.5
Norway,1998,30.5
Norway,1997,30.4
Norway,1996,30.3
Norway,1995,30.3
Norway,1994,30.2
Norway,1993,30.2
Norway,1992,30.1
Norway,1991,30.1
Norway,1990,30
Occupied Palestinian Territory,2007,1.5
Occupied Palestinian Territory,2006,1.5
Occupied Palestinian Territory,2005,1.5
Occupied Palestinian Territory,2004,1.5
Occupied Palestinian Territory,2003,1.5
Occupied Palestinian Territory,2002,1.5
Occupied Palestinian Territory,2001,1.5
Occupied Palestinian Territory,2000,1.5
Occupied Palestinian Territory,1999,1.5
Occupied Palestinian Territory,1998,1.5
Occupied Palestinian Territory,1997,1.5
Occupied Palestinian Territory,1996,1.5
Oman,2007,0
Oman,2006,0
Oman,2005,0
Oman,2004,0
Oman,2003,0
Oman,2002,0
Oman,2001,0
Oman,2000,0
Oman,1999,0
Oman,1998,0
Oman,1997,0
Oman,1996,0
Oman,1995,0
Oman,1994,0
Oman,1993,0
Oman,1992,0
Oman,1991,0
Oman,1990,0
Pacific Is,1990,75.7
Pakistan,2007,2.4
Pakistan,2006,2.4
Pakistan,2005,2.5
Pakistan,2004,2.5
Pakistan,2003,2.6
Pakistan,2002,2.6
Pakistan,2001,2.7
Pakistan,2000,2.7
Pakistan,1999,2.8
Pakistan,1998,2.9
Pakistan,1997,2.9
Pakistan,1996,3
Pakistan,1995,3
Pakistan,1994,3.1
Pakistan,1993,3.1
Pakistan,1992,3.2
Pakistan,1991,3.2
Pakistan,1990,3.3
Palau,2007,88.3
Palau,2006,87.8
Palau,2005,87.6
Palau,2004,87.4
Palau,2003,87
Palau,2002,86.7
Palau,2001,86.3
Palau,2000,86.1
Palau,1999,85.7
Palau,1998,85.4
Palau,1997,85.2
Palau,1996,84.8
Palau,1995,84.6
Panama,2007,57.7
Panama,2006,57.7
Panama,2005,57.8
Panama,2004,57.8
Panama,2003,57.8
Panama,2002,57.9
Panama,2001,57.9
Panama,2000,57.9
Panama,1999,58
Panama,1998,58.1
Panama,1997,58.2
Panama,1996,58.3
Panama,1995,58.4
Panama,1994,58.5
Panama,1993,58.6
Panama,1992,58.7
Panama,1991,58.8
Panama,1990,58.9
Papua New Guinea,2007,64.4
Papua New Guinea,2006,64.7
Papua New Guinea,2005,65
Papua New Guinea,2004,65.3
Papua New Guinea,2003,65.6
Papua New Guinea,2002,65.9
Papua New Guinea,2001,66.2
Papua New Guinea,2000,66.5
Papua New Guinea,1999,66.8
Papua New Guinea,1998,67.2
Papua New Guinea,1997,67.5
Papua New Guinea,1996,67.8
Papua New Guinea,1995,68.1
Papua New Guinea,1994,68.4
Papua New Guinea,1993,68.7
Papua New Guinea,1992,69
Papua New Guinea,1991,69.3
Papua New Guinea,1990,69.6
Paraguay,2007,45.6
Paraguay,2006,46.1
Paraguay,2005,46.5
Paraguay,2004,47
Paraguay,2003,47.4
Paraguay,2002,47.8
Paraguay,2001,48.3
Paraguay,2000,48.7
Paraguay,1999,49.2
Paraguay,1998,49.6
Paraguay,1997,50.1
Paraguay,1996,50.6
Paraguay,1995,51
Paraguay,1994,51.5
Paraguay,1993,51.9
Paraguay,1992,52.4
Paraguay,1991,52.8
Paraguay,1990,53.3
Peru,2007,53.6
Peru,2006,53.6
Peru,2005,53.7
Peru,2004,53.8
Peru,2003,53.9
Peru,2002,53.9
Peru,2001,54
Peru,2000,54.1
Peru,1999,54.1
Peru,1998,54.2
Peru,1997,54.3
Peru,1996,54.4
Peru,1995,54.4
Peru,1994,54.5
Peru,1993,54.6
Peru,1992,54.7
Peru,1991,54.7
Peru,1990,54.8
Philippines,2007,23
Philippines,2006,23.5
Philippines,2005,24
Philippines,2004,24.5
Philippines,2003,25.1
Philippines,2002,25.6
Philippines,2001,26.1
Philippines,2000,26.7
Philippines,1999,27.5
Philippines,1998,28.4
Philippines,1997,29.3
Philippines,1996,30.2
Philippines,1995,31.1
Philippines,1994,31.9
Philippines,1993,32.8
Philippines,1992,33.7
Philippines,1991,34.6
Philippines,1990,35.5
Pitcairn,2007,74.5
Pitcairn,2006,74.5
Pitcairn,2005,74.5
Pitcairn,2004,74.5
Pitcairn,2003,74.5
Pitcairn,2002,74.5
Pitcairn,2001,74.5
Pitcairn,2000,74.5
Pitcairn,1999,74.5
Pitcairn,1998,74.5
Pitcairn,1997,74.5
Pitcairn,1996,74.5
Pitcairn,1995,74.5
Pitcairn,1994,74.5
Pitcairn,1993,74.5
Pitcairn,1992,74.5
Pitcairn,1991,74.5
Pitcairn,1990,74.5
Poland,2007,30.4
Poland,2006,30.3
Poland,2005,30
Poland,2004,30.1
Poland,2003,29.8
Poland,2002,29.8
Poland,2001,29.9
Poland,2000,29.8
Poland,1999,29.7
Poland,1998,29.6
Poland,1997,29.6
Poland,1996,29.5
Poland,1995,29.5
Poland,1994,29.4
Poland,1993,29.3
Poland,1992,29.3
Poland,1991,29.2
Poland,1990,29.2
Portugal,2007,42.2
Portugal,2006,41.8
Portugal,2005,41.3
Portugal,2004,40.9
Portugal,2003,40.5
Portugal,2002,40
Portugal,2001,39.6
Portugal,2000,39.2
Portugal,1999,38.6
Portugal,1998,38.1
Portugal,1997,37.6
Portugal,1996,37
Portugal,1995,36.5
Portugal,1994,36
Portugal,1993,35.5
Portugal,1992,34.9
Portugal,1991,34.4
Portugal,1990,33.9
Puerto Rico,2007,46
Puerto Rico,2006,46
Puerto Rico,2005,46
Puerto Rico,2004,46
Puerto Rico,2003,46
Puerto Rico,2002,45.9
Puerto Rico,2001,45.9
Puerto Rico,2000,45.9
Puerto Rico,1999,45.9
Puerto Rico,1998,45.8
Puerto Rico,1997,45.8
Puerto Rico,1996,45.7
Puerto Rico,1995,45.7
Puerto Rico,1994,45.7
Puerto Rico,1993,45.6
Puerto Rico,1992,45.6
Puerto Rico,1991,45.6
Puerto Rico,1990,45.5
Qatar,2007,0
Qatar,2006,0
Qatar,2005,0
Qatar,2004,0
Qatar,2003,0
Qatar,2002,0
Qatar,2001,0
Qatar,2000,0
Qatar,1999,0
Qatar,1998,0
Qatar,1997,0
Qatar,1996,0
Qatar,1995,0
Qatar,1994,0
Qatar,1993,0
Qatar,1992,0
Qatar,1991,0
Qatar,1990,0
Reunion,2007,33.2
Reunion,2006,33.4
Reunion,2005,33.6
Reunion,2004,33.8
Reunion,2003,34
Reunion,2002,34.3
Reunion,2001,34.5
Reunion,2000,34.7
Reunion,1999,34.8
Reunion,1998,34.8
Reunion,1997,34.8
Reunion,1996,34.8
Reunion,1995,34.8
Reunion,1994,34.8
Reunion,1993,34.9
Reunion,1992,34.9
Reunion,1991,34.9
Reunion,1990,34.9
Romania,2007,27.7
Romania,2006,27.7
Romania,2005,27.7
Romania,2004,27.7
Romania,2003,27.7
Romania,2002,27.7
Romania,2001,27.7
Romania,2000,27.7
Romania,1999,27.7
Romania,1998,27.7
Romania,1997,27.7
Romania,1996,27.7
Romania,1995,27.8
Romania,1994,27.8
Romania,1993,27.8
Romania,1992,27.8
Romania,1991,27.8
Romania,1990,27.8
Russian Federation,2007,49.4
Russian Federation,2006,49.4
Russian Federation,2005,49.4
Russian Federation,2004,49.4
Russian Federation,2003,49.4
Russian Federation,2002,49.4
Russian Federation,2001,49.4
Russian Federation,2000,49.4
Russian Federation,1999,49.4
Russian Federation,1998,49.4
Russian Federation,1997,49.4
Russian Federation,1996,49.4
Russian Federation,1995,49.4
Russian Federation,1994,49.4
Russian Federation,1993,49.4
Russian Federation,1992,49.4
Rwanda,2007,21.7
Rwanda,2006,20.6
Rwanda,2005,19.5
Rwanda,2004,18.4
Rwanda,2003,17.3
Rwanda,2002,16.1
Rwanda,2001,15
Rwanda,2000,13.9
Rwanda,1999,13.8
Rwanda,1998,13.7
Rwanda,1997,13.6
Rwanda,1996,13.5
Rwanda,1995,13.4
Rwanda,1994,13.3
Rwanda,1993,13.2
Rwanda,1992,13.1
Rwanda,1991,13
Rwanda,1990,12.9
Saint Helena,2007,5.1
Saint Helena,2006,5.1
Saint Helena,2005,5.1
Saint Helena,2004,5.1
Saint Helena,2003,5.1
Saint Helena,2002,5.1
Saint Helena,2001,5.1
Saint Helena,2000,5.1
Saint Helena,1999,5.1
Saint Helena,1998,5.1
Saint Helena,1997,5.1
Saint Helena,1996,5.1
Saint Helena,1995,5.1
Saint Helena,1994,5.1
Saint Helena,1993,5.1
Saint Helena,1992,5.1
Saint Helena,1991,5.1
Saint Helena,1990,5.1
Saint Kitts and Nevis,2007,20.4
Saint Kitts and Nevis,2006,20.4
Saint Kitts and Nevis,2005,20.4
Saint Kitts and Nevis,2004,20.4
Saint Kitts and Nevis,2003,20.4
Saint Kitts and Nevis,2002,20.4
Saint Kitts and Nevis,2001,20.4
Saint Kitts and Nevis,2000,20.4
Saint Kitts and Nevis,1999,20.4
Saint Kitts and Nevis,1998,20.4
Saint Kitts and Nevis,1997,20.4
Saint Kitts and Nevis,1996,20.4
Saint Kitts and Nevis,1995,20.4
Saint Kitts and Nevis,1994,20.4
Saint Kitts and Nevis,1993,20.4
Saint Kitts and Nevis,1992,20.4
Saint Kitts and Nevis,1991,20.4
Saint Kitts and Nevis,1990,20.4
Saint Lucia,2007,27.9
Saint Lucia,2006,27.9
Saint Lucia,2005,27.9
Saint Lucia,2004,27.9
Saint Lucia,2003,27.9
Saint Lucia,2002,27.9
Saint Lucia,2001,27.9
Saint Lucia,2000,27.9
Saint Lucia,1999,27.9
Saint Lucia,1998,27.9
Saint Lucia,1997,27.9
Saint Lucia,1996,27.9
Saint Lucia,1995,27.9
Saint Lucia,1994,27.9
Saint Lucia,1993,27.9
Saint Lucia,1992,27.9
Saint Lucia,1991,27.9
Saint Lucia,1990,27.9
Saint Pierre and Miquelon,2007,13
Saint Pierre and Miquelon,2006,13
Saint Pierre and Miquelon,2005,13
Saint Pierre and Miquelon,2004,13
Saint Pierre and Miquelon,2003,13
Saint Pierre and Miquelon,2002,13
Saint Pierre and Miquelon,2001,13
Saint Pierre and Miquelon,2000,13
Saint Pierre and Miquelon,1999,13
Saint Pierre and Miquelon,1998,13
Saint Pierre and Miquelon,1997,13
Saint Pierre and Miquelon,1996,13
Saint Pierre and Miquelon,1995,13
Saint Pierre and Miquelon,1994,13
Saint Pierre and Miquelon,1993,13
Saint Pierre and Miquelon,1992,13
Saint Pierre and Miquelon,1991,13
Saint Pierre and Miquelon,1990,13
Saint Vincent and Grenadines,2007,27.9
Saint Vincent and Grenadines,2006,27.7
Saint Vincent and Grenadines,2005,27.4
Saint Vincent and Grenadines,2004,27.2
Saint Vincent and Grenadines,2003,26.9
Saint Vincent and Grenadines,2002,26.7
Saint Vincent and Grenadines,2001,26.7
Saint Vincent and Grenadines,2000,26.4
Saint Vincent and Grenadines,1999,26.2
Saint Vincent and Grenadines,1998,25.9
Saint Vincent and Grenadines,1997,25.6
Saint Vincent and Grenadines,1996,25.4
Saint Vincent and Grenadines,1995,25.4
Saint Vincent and Grenadines,1994,25.1
Saint Vincent and Grenadines,1993,24.9
Saint Vincent and Grenadines,1992,24.6
Saint Vincent and Grenadines,1991,24.4
Saint Vincent and Grenadines,1990,24.4
Samoa,2007,60.4
Samoa,2006,60.4
Samoa,2005,60.4
Samoa,2004,60.4
Samoa,2003,60.4
Samoa,2002,60.4
Samoa,2001,60.4
Samoa,2000,60.4
Samoa,1999,59
Samoa,1998,57.5
Samoa,1997,56.1
Samoa,1996,54.6
Samoa,1995,53.2
Samoa,1994,51.7
Samoa,1993,50.3
Samoa,1992,48.8
Samoa,1991,47.4
Samoa,1990,45.9
San Marino,2007,1.7
San Marino,2006,1.7
San Marino,2005,1.7
San Marino,2004,1.7
San Marino,2003,1.7
San Marino,2002,1.7
San Marino,2001,1.7
San Marino,2000,1.7
San Marino,1999,1.7
San Marino,1998,1.7
San Marino,1997,1.7
San Marino,1996,1.7
San Marino,1995,1.7
San Marino,1994,1.7
San Marino,1993,1.7
San Marino,1992,1.7
San Marino,1991,1.7
San Marino,1990,1.7
Sao Tome and Principe,2007,28.5
Sao Tome and Principe,2006,28.5
Sao Tome and Principe,2005,28.5
Sao Tome and Principe,2004,28.5
Sao Tome and Principe,2003,28.5
Sao Tome and Principe,2002,28.5
Sao Tome and Principe,2001,28.5
Sao Tome and Principe,2000,28.5
Sao Tome and Principe,1999,28.5
Sao Tome and Principe,1998,28.5
Sao Tome and Principe,1997,28.5
Sao Tome and Principe,1996,28.5
Sao Tome and Principe,1995,28.5
Sao Tome and Principe,1994,28.5
Sao Tome and Principe,1993,28.5
Sao Tome and Principe,1992,28.5
Sao Tome and Principe,1991,28.5
Sao Tome and Principe,1990,28.5
Saudi Arabia,2007,1.3
Saudi Arabia,2006,1.3
Saudi Arabia,2005,1.3
Saudi Arabia,2004,1.3
Saudi Arabia,2003,1.3
Saudi Arabia,2002,1.3
Saudi Arabia,2001,1.3
Saudi Arabia,2000,1.3
Saudi Arabia,1999,1.3
Saudi Arabia,1998,1.3
Saudi Arabia,1997,1.3
Saudi Arabia,1996,1.3
Saudi Arabia,1995,1.3
Saudi Arabia,1994,1.3
Saudi Arabia,1993,1.3
Saudi Arabia,1992,1.3
Saudi Arabia,1991,1.3
Saudi Arabia,1990,1.3
Senegal,2007,44.6
Senegal,2006,44.8
Senegal,2005,45
Senegal,2004,45.3
Senegal,2003,45.5
Senegal,2002,45.7
Senegal,2001,46
Senegal,2000,46.2
Senegal,1999,46.5
Senegal,1998,46.7
Senegal,1997,46.9
Senegal,1996,47.2
Senegal,1995,47.4
Senegal,1994,47.6
Senegal,1993,47.9
Senegal,1992,48.1
Senegal,1991,48.3
Senegal,1990,48.6
Serbia,2007,23.6
Serbia,2006,23.5
Serbia and Montenegro,2005,26.4
Serbia and Montenegro,2004,26.3
Serbia and Montenegro,2003,26.2
Serbia and Montenegro,2002,26.1
Serbia and Montenegro,2001,26.1
Serbia and Montenegro,2000,26
Serbia and Montenegro,1999,25.9
Serbia and Montenegro,1998,25.8
Serbia and Montenegro,1997,25.7
Serbia and Montenegro,1996,25.6
Serbia and Montenegro,1995,25.5
Serbia and Montenegro,1994,25.4
Serbia and Montenegro,1993,25.4
Serbia and Montenegro,1992,25.3
Seychelles,2007,87
Seychelles,2006,87
Seychelles,2005,87
Seychelles,2004,87
Seychelles,2003,87
Seychelles,2002,87
Seychelles,2001,87
Seychelles,2000,87
Seychelles,1999,87
Seychelles,1998,87
Seychelles,1997,87
Seychelles,1996,87
Seychelles,1995,87
Seychelles,1994,87
Seychelles,1993,87
Seychelles,1992,87
Seychelles,1991,87
Seychelles,1990,87
Sierra Leone,2007,37.9
Sierra Leone,2006,38.2
Sierra Leone,2005,38.5
Sierra Leone,2004,38.7
Sierra Leone,2003,39
Sierra Leone,2002,39.3
Sierra Leone,2001,39.5
Sierra Leone,2000,39.8
Sierra Leone,1999,40.1
Sierra Leone,1998,40.3
Sierra Leone,1997,40.6
Sierra Leone,1996,40.9
Sierra Leone,1995,41.2
Sierra Leone,1994,41.4
Sierra Leone,1993,41.7
Sierra Leone,1992,42
Sierra Leone,1991,42.2
Sierra Leone,1990,42.5
Singapore,2007,3.3
Singapore,2006,3.3
Singapore,2005,3.3
Singapore,2004,3.3
Singapore,2003,3.3
Singapore,2002,3.4
Singapore,2001,3.4
Singapore,2000,3.4
Singapore,1999,3.4
Singapore,1998,3.4
Singapore,1997,3.4
Singapore,1996,3.4
Singapore,1995,3.4
Singapore,1994,3.4
Singapore,1993,3.4
Singapore,1992,3.4
Singapore,1991,3.4
Singapore,1990,3.4
Slovakia,2007,40.2
Slovakia,2006,40.1
Slovakia,2005,40.1
Slovakia,2004,40.1
Slovakia,2003,40
Slovakia,2002,40
Slovakia,2001,40
Slovakia,2000,39.9
Slovakia,1999,39.9
Slovakia,1998,39.9
Slovakia,1997,39.9
Slovakia,1996,39.9
Slovakia,1995,39.9
Slovakia,1994,40
Slovakia,1993,40
Slovenia,2007,63.3
Slovenia,2006,63
Slovenia,2005,62.8
Slovenia,2004,62.5
Slovenia,2003,62.3
Slovenia,2002,62
Slovenia,2001,61.8
Slovenia,2000,61.5
Slovenia,1999,61.3
Slovenia,1998,61
Slovenia,1997,60.8
Slovenia,1996,60.5
Slovenia,1995,60.3
Slovenia,1994,60
Slovenia,1993,59.8
Slovenia,1992,59.5
Solomon Islands,2007,74.8
Solomon Islands,2006,76.2
Solomon Islands,2005,77.6
Solomon Islands,2004,79
Solomon Islands,2003,80.4
Solomon Islands,2002,81.9
Solomon Islands,2001,83.3
Solomon Islands,2000,84.7
Solomon Islands,1999,86.1
Solomon Islands,1998,87.5
Solomon Islands,1997,89
Solomon Islands,1996,90.4
Solomon Islands,1995,91.8
Solomon Islands,1994,93.2
Solomon Islands,1993,94.6
Solomon Islands,1992,96.1
Solomon Islands,1991,97.5
Solomon Islands,1990,98.9
Somalia,2007,11.1
Somalia,2006,11.2
Somalia,2005,11.4
Somalia,2004,11.5
Somalia,2003,11.6
Somalia,2002,11.7
Somalia,2001,11.9
Somalia,2000,12
Somalia,1999,12.1
Somalia,1998,12.2
Somalia,1997,12.3
Somalia,1996,12.5
Somalia,1995,12.6
Somalia,1994,12.7
Somalia,1993,12.8
Somalia,1992,13
Somalia,1991,13.1
Somalia,1990,13.2
South Africa,2007,7.6
South Africa,2006,7.6
South Africa,2005,7.6
South Africa,2004,7.6
South Africa,2003,7.6
South Africa,2002,7.6
South Africa,2001,7.6
South Africa,2000,7.6
South Africa,1999,7.6
South Africa,1998,7.6
South Africa,1997,7.6
South Africa,1996,7.6
South Africa,1995,7.6
South Africa,1994,7.6
South Africa,1993,7.6
South Africa,1992,7.6
South Africa,1991,7.6
South Africa,1990,7.6
Spain,2007,37.1
Spain,2006,36.5
Spain,2005,35.9
Spain,2004,35.3
Spain,2003,34.7
Spain,2002,34.1
Spain,2001,33.6
Spain,2000,32.9
Spain,1999,32.3
Spain,1998,31.7
Spain,1997,31.1
Spain,1996,30.5
Spain,1995,29.9
Spain,1994,29.4
Spain,1993,28.8
Spain,1992,28.2
Spain,1991,27.6
Spain,1990,27
Sri Lanka,2007,29
Sri Lanka,2006,29.4
Sri Lanka,2005,29.9
Sri Lanka,2004,30.4
Sri Lanka,2003,30.8
Sri Lanka,2002,31.3
Sri Lanka,2001,31.8
Sri Lanka,2000,32.2
Sri Lanka,1999,32.6
Sri Lanka,1998,33
Sri Lanka,1997,33.5
Sri Lanka,1996,33.9
Sri Lanka,1995,34.3
Sri Lanka,1994,34.7
Sri Lanka,1993,35.1
Sri Lanka,1992,35.5
Sri Lanka,1991,35.9
Sri Lanka,1990,36.4
Sudan,2007,27.9
Sudan,2006,28.2
Sudan,2005,28.4
Sudan,2004,28.7
Sudan,2003,28.9
Sudan,2002,29.2
Sudan,2001,29.4
Sudan,2000,29.7
Sudan,1999,29.9
Sudan,1998,30.2
Sudan,1997,30.4
Sudan,1996,30.7
Sudan,1995,30.9
Sudan,1994,31.2
Sudan,1993,31.4
Sudan,1992,31.7
Sudan,1991,31.9
Sudan,1990,32.1
Suriname,2007,94.7
Suriname,2006,94.7
Suriname,2005,94.7
Suriname,2004,94.7
Suriname,2003,94.7
Suriname,2002,94.7
Suriname,2001,94.7
Suriname,2000,94.7
Suriname,1999,94.7
Suriname,1998,94.7
Suriname,1997,94.7
Suriname,1996,94.7
Suriname,1995,94.7
Suriname,1994,94.7
Suriname,1993,94.7
Suriname,1992,94.7
Suriname,1991,94.7
Suriname,1990,94.7
Swaziland,2007,32
Swaziland,2006,31.7
Swaziland,2005,31.5
Swaziland,2004,31.2
Swaziland,2003,30.9
Swaziland,2002,30.6
Swaziland,2001,30.4
Swaziland,2000,30.1
Swaziland,1999,29.8
Swaziland,1998,29.6
Swaziland,1997,29.3
Swaziland,1996,29
Swaziland,1995,28.8
Swaziland,1994,28.5
Swaziland,1993,28.2
Swaziland,1992,28
Swaziland,1991,27.7
Swaziland,1990,27.4
Sweden,2007,67.1
Sweden,2006,67.1
Sweden,2005,67.1
Sweden,2004,67.1
Sweden,2003,67
Sweden,2002,67
Sweden,2001,67
Sweden,2000,67
Sweden,1999,66.9
Sweden,1998,66.9
Sweden,1997,66.9
Sweden,1996,66.9
Sweden,1995,66.8
Sweden,1994,66.8
Sweden,1993,66.8
Sweden,1992,66.7
Sweden,1991,66.7
Sweden,1990,66.7
Switzerland,2007,30.7
Switzerland,2006,30.6
Switzerland,2005,30.5
Switzerland,2004,30.4
Switzerland,2003,30.3
Switzerland,2002,30.2
Switzerland,2001,30.1
Switzerland,2000,30
Switzerland,1999,29.9
Switzerland,1998,29.8
Switzerland,1997,29.6
Switzerland,1996,29.5
Switzerland,1995,29.4
Switzerland,1994,29.3
Switzerland,1993,29.2
Switzerland,1992,29.1
Switzerland,1991,29
Switzerland,1990,28.9
Syrian Arab Republic,2007,2.6
Syrian Arab Republic,2006,2.5
Syrian Arab Republic,2005,2.5
Syrian Arab Republic,2004,2.5
Syrian Arab Republic,2003,2.4
Syrian Arab Republic,2002,2.4
Syrian Arab Republic,2001,2.4
Syrian Arab Republic,2000,2.4
Syrian Arab Republic,1999,2.3
Syrian Arab Republic,1998,2.3
Syrian Arab Republic,1997,2.3
Syrian Arab Republic,1996,2.2
Syrian Arab Republic,1995,2.2
Syrian Arab Republic,1994,2.2
Syrian Arab Republic,1993,2.1
Syrian Arab Republic,1992,2.1
Syrian Arab Republic,1991,2.1
Syrian Arab Republic,1990,2
Tajikistan,2007,2.9
Tajikistan,2006,2.9
Tajikistan,2005,2.9
Tajikistan,2004,2.9
Tajikistan,2003,2.9
Tajikistan,2002,2.9
Tajikistan,2001,2.9
Tajikistan,2000,2.9
Tajikistan,1999,2.9
Tajikistan,1998,2.9
Tajikistan,1997,2.9
Tajikistan,1996,2.9
Tajikistan,1995,2.9
Tajikistan,1994,2.9
Tajikistan,1993,2.9
Tajikistan,1992,2.9
"Tanzania, United Republic of",2007,38.9
"Tanzania, United Republic of",2006,39.3
"Tanzania, United Republic of",2005,39.8
"Tanzania, United Republic of",2004,40.3
"Tanzania, United Republic of",2003,40.7
"Tanzania, United Republic of",2002,41.2
"Tanzania, United Republic of",2001,41.7
"Tanzania, United Republic of",2000,42.1
"Tanzania, United Republic of",1999,42.6
"Tanzania, United Republic of",1998,43.1
"Tanzania, United Republic of",1997,43.5
"Tanzania, United Republic of",1996,44
"Tanzania, United Republic of",1995,44.5
"Tanzania, United Republic of",1994,44.9
"Tanzania, United Republic of",1993,45.4
"Tanzania, United Republic of",1992,45.9
"Tanzania, United Republic of",1991,46.3
"Tanzania, United Republic of",1990,46.8
Thailand,2007,28.2
Thailand,2006,28.3
Thailand,2005,28.4
Thailand,2004,28.5
Thailand,2003,28.7
Thailand,2002,28.8
Thailand,2001,28.9
Thailand,2000,29
Thailand,1999,29.2
Thailand,1998,29.4
Thailand,1997,29.7
Thailand,1996,29.9
Thailand,1995,30.1
Thailand,1994,30.3
Thailand,1993,30.6
Thailand,1992,30.8
Thailand,1991,31
Thailand,1990,31.2
The former Yugoslav Republic of Macedonia,2007,35.6
The former Yugoslav Republic of Macedonia,2006,35.6
The former Yugoslav Republic of Macedonia,2005,35.6
The former Yugoslav Republic of Macedonia,2004,35.6
The former Yugoslav Republic of Macedonia,2003,35.6
The former Yugoslav Republic of Macedonia,2002,35.6
The former Yugoslav Republic of Macedonia,2001,35.6
The former Yugoslav Republic of Macedonia,2000,35.6
The former Yugoslav Republic of Macedonia,1999,35.6
The former Yugoslav Republic of Macedonia,1998,35.6
The former Yugoslav Republic of Macedonia,1997,35.6
The former Yugoslav Republic of Macedonia,1996,35.6
The former Yugoslav Republic of Macedonia,1995,35.6
The former Yugoslav Republic of Macedonia,1994,35.6
The former Yugoslav Republic of Macedonia,1993,35.6
The former Yugoslav Republic of Macedonia,1992,35.6
Timor-Leste,2007,52.2
Timor-Leste,2006,52.9
Timor-Leste,2005,53.7
Timor-Leste,2004,54.4
Timor-Leste,2003,55.2
Timor-Leste,2002,55.9
Timor-Leste,2001,56.7
Timor-Leste,2000,57.4
Timor-Leste,1999,58.2
Timor-Leste,1998,58.9
Timor-Leste,1997,59.7
Timor-Leste,1996,60.4
Timor-Leste,1995,61.2
Timor-Leste,1994,62
Timor-Leste,1993,62.7
Timor-Leste,1992,63.5
Timor-Leste,1991,64.2
Timor-Leste,1990,65
Togo,2007,6.4
Togo,2006,6.7
Togo,2005,7.1
Togo,2004,7.5
Togo,2003,7.8
Togo,2002,8.2
Togo,2001,8.6
Togo,2000,8.9
Togo,1999,9.3
Togo,1998,9.7
Togo,1997,10
Togo,1996,10.4
Togo,1995,10.8
Togo,1994,11.1
Togo,1993,11.5
Togo,1992,11.9
Togo,1991,12.2
Togo,1990,12.6
Tokelau,2007,0
Tokelau,2006,0
Tokelau,2005,0
Tokelau,2004,0
Tokelau,2003,0
Tokelau,2002,0
Tokelau,2001,0
Tokelau,2000,0
Tokelau,1999,0
Tokelau,1998,0
Tokelau,1997,0
Tokelau,1996,0
Tokelau,1995,0
Tokelau,1994,0
Tokelau,1993,0
Tokelau,1992,0
Tokelau,1991,0
Tokelau,1990,0
Tonga,2007,5
Tonga,2006,5
Tonga,2005,5
Tonga,2004,5
Tonga,2003,5
Tonga,2002,5
Tonga,2001,5
Tonga,2000,5
Tonga,1999,5
Tonga,1998,5
Tonga,1997,5
Tonga,1996,5
Tonga,1995,5
Tonga,1994,5
Tonga,1993,5
Tonga,1992,5
Tonga,1991,5
Tonga,1990,5
Trinidad and Tobago,2007,43.9
Trinidad and Tobago,2006,44
Trinidad and Tobago,2005,44.1
Trinidad and Tobago,2004,44.1
Trinidad and Tobago,2003,44.2
Trinidad and Tobago,2002,44.3
Trinidad and Tobago,2001,44.4
Trinidad and Tobago,2000,44.4
Trinidad and Tobago,1999,44.6
Trinidad and Tobago,1998,44.7
Trinidad and Tobago,1997,44.9
Trinidad and Tobago,1996,45
Trinidad and Tobago,1995,45.1
Trinidad and Tobago,1994,45.3
Trinidad and Tobago,1993,45.4
Trinidad and Tobago,1992,45.5
Trinidad and Tobago,1991,45.7
Trinidad and Tobago,1990,45.8
Tunisia,2007,7
Tunisia,2006,6.9
Tunisia,2005,6.8
Tunisia,2004,6.7
Tunisia,2003,6.5
Tunisia,2002,6.4
Tunisia,2001,6.3
Tunisia,2000,6.2
Tunisia,1999,6
Tunisia,1998,5.8
Tunisia,1997,5.6
Tunisia,1996,5.4
Tunisia,1995,5.2
Tunisia,1994,5
Tunisia,1993,4.7
Tunisia,1992,4.5
Tunisia,1991,4.3
Tunisia,1990,4.1
Turkey,2007,13.3
Turkey,2006,13.3
Turkey,2005,13.2
Turkey,2004,13.2
Turkey,2003,13.2
Turkey,2002,13.1
Turkey,2001,13.1
Turkey,2000,13.1
Turkey,1999,13
Turkey,1998,13
Turkey,1997,12.9
Turkey,1996,12.9
Turkey,1995,12.8
Turkey,1994,12.8
Turkey,1993,12.7
Turkey,1992,12.7
Turkey,1991,12.6
Turkey,1990,12.6
Turkmenistan,2007,8.8
Turkmenistan,2006,8.8
Turkmenistan,2005,8.8
Turkmenistan,2004,8.8
Turkmenistan,2003,8.8
Turkmenistan,2002,8.8
Turkmenistan,2001,8.8
Turkmenistan,2000,8.8
Turkmenistan,1999,8.8
Turkmenistan,1998,8.8
Turkmenistan,1997,8.8
Turkmenistan,1996,8.8
Turkmenistan,1995,8.8
Turkmenistan,1994,8.8
Turkmenistan,1993,8.8
Turkmenistan,1992,8.8
Turks and Caicos Islands,2007,36.2
Turks and Caicos Islands,2006,36.2
Turks and Caicos Islands,2005,36.2
Turks and Caicos Islands,2004,36.2
Turks and Caicos Islands,2003,36.2
Turks and Caicos Islands,2002,36.2
Turks and Caicos Islands,2001,36.2
Turks and Caicos Islands,2000,36.2
Turks and Caicos Islands,1999,36.2
Turks and Caicos Islands,1998,36.2
Turks and Caicos Islands,1997,36.2
Turks and Caicos Islands,1996,36.2
Turks and Caicos Islands,1995,36.2
Turks and Caicos Islands,1994,36.2
Turks and Caicos Islands,1993,36.2
Turks and Caicos Islands,1992,36.2
Turks and Caicos Islands,1991,36.2
Turks and Caicos Islands,1990,36.2
Tuvalu,2007,33.3
Tuvalu,2006,33.3
Tuvalu,2005,33.3
Tuvalu,2004,33.3
Tuvalu,2003,33.3
Tuvalu,2002,33.3
Tuvalu,2001,33.3
Tuvalu,2000,33.3
Tuvalu,1999,33.3
Tuvalu,1998,33.3
Tuvalu,1997,33.3
Tuvalu,1996,33.3
Tuvalu,1995,33.3
Tuvalu,1994,33.3
Tuvalu,1993,33.3
Tuvalu,1992,33.3
Tuvalu,1991,33.3
Tuvalu,1990,33.3
Uganda,2007,17.5
Uganda,2006,18
Uganda,2005,18.4
Uganda,2004,18.8
Uganda,2003,19.3
Uganda,2002,19.7
Uganda,2001,20.2
Uganda,2000,20.6
Uganda,1999,21
Uganda,1998,21.5
Uganda,1997,21.9
Uganda,1996,22.3
Uganda,1995,22.8
Uganda,1994,23.2
Uganda,1993,23.7
Uganda,1992,24.1
Uganda,1991,24.5
Uganda,1990,25
Ukraine,2007,16.6
Ukraine,2006,16.5
Ukraine,2005,16.5
Ukraine,2004,16.5
Ukraine,2003,16.5
Ukraine,2002,16.5
Ukraine,2001,16.4
Ukraine,2000,16.4
Ukraine,1999,16.4
Ukraine,1998,16.3
Ukraine,1997,16.3
Ukraine,1996,16.3
Ukraine,1995,16.2
Ukraine,1994,16.2
Ukraine,1993,16.1
Ukraine,1992,16.1
United Arab Emirates,2007,3.7
United Arab Emirates,2006,3.7
United Arab Emirates,2005,3.7
United Arab Emirates,2004,3.7
United Arab Emirates,2003,3.7
United Arab Emirates,2002,3.7
United Arab Emirates,2001,3.7
United Arab Emirates,2000,3.7
United Arab Emirates,1999,3.6
United Arab Emirates,1998,3.6
United Arab Emirates,1997,3.5
United Arab Emirates,1996,3.4
United Arab Emirates,1995,3.3
United Arab Emirates,1994,3.2
United Arab Emirates,1993,3.2
United Arab Emirates,1992,3.1
United Arab Emirates,1991,3
United Arab Emirates,1990,2.9
United Kingdom,2007,11.8
United Kingdom,2006,11.8
United Kingdom,2005,11.8
United Kingdom,2004,11.7
United Kingdom,2003,11.7
United Kingdom,2002,11.6
United Kingdom,2001,11.6
United Kingdom,2000,11.5
United Kingdom,1999,11.5
United Kingdom,1998,11.4
United Kingdom,1997,11.3
United Kingdom,1996,11.2
United Kingdom,1995,11.2
United Kingdom,1994,11.1
United Kingdom,1993,11
United Kingdom,1992,10.9
United Kingdom,1991,10.9
United Kingdom,1990,10.8
United States,2007,33.1
United States,2006,33.1
United States,2005,33.1
United States,2004,33.1
United States,2003,33
United States,2002,33
United States,2001,33
United States,2000,33
United States,1999,33
United States,1998,32.9
United States,1997,32.9
United States,1996,32.8
United States,1995,32.8
United States,1994,32.8
United States,1993,32.7
United States,1992,32.7
United States,1991,32.6
United States,1990,32.6
Uruguay,2007,8.8
Uruguay,2006,8.7
Uruguay,2005,8.6
Uruguay,2004,8.5
Uruguay,2003,8.4
Uruguay,2002,8.3
Uruguay,2001,8.2
Uruguay,2000,8.1
Uruguay,1999,7.8
Uruguay,1998,7.5
Uruguay,1997,7.2
Uruguay,1996,6.9
Uruguay,1995,6.6
Uruguay,1994,6.3
Uruguay,1993,6
Uruguay,1992,5.7
Uruguay,1991,5.5
Uruguay,1990,5.2
US Virgin Islands,2007,26
US Virgin Islands,2006,26.6
US Virgin Islands,2005,27.1
US Virgin Islands,2004,27.7
US Virgin Islands,2003,28.3
US Virgin Islands,2002,28.6
US Virgin Islands,2001,29.1
US Virgin Islands,2000,29.7
US Virgin Islands,1999,30.3
US Virgin Islands,1998,30.6
US Virgin Islands,1997,31.1
US Virgin Islands,1996,31.4
US Virgin Islands,1995,32
US Virgin Islands,1994,32.3
US Virgin Islands,1993,32.9
US Virgin Islands,1992,33.1
US Virgin Islands,1991,33.7
US Virgin Islands,1990,34
USSR,1991,38.7
USSR,1990,38.7
Uzbekistan,2007,7.8
Uzbekistan,2006,7.8
Uzbekistan,2005,7.7
Uzbekistan,2004,7.7
Uzbekistan,2003,7.7
Uzbekistan,2002,7.6
Uzbekistan,2001,7.6
Uzbekistan,2000,7.6
Uzbekistan,1999,7.5
Uzbekistan,1998,7.5
Uzbekistan,1997,7.4
Uzbekistan,1996,7.4
Uzbekistan,1995,7.4
Uzbekistan,1994,7.3
Uzbekistan,1993,7.3
Uzbekistan,1992,7.2
Vanuatu,2007,36.1
Vanuatu,2006,36.1
Vanuatu,2005,36.1
Vanuatu,2004,36.1
Vanuatu,2003,36.1
Vanuatu,2002,36.1
Vanuatu,2001,36.1
Vanuatu,2000,36.1
Vanuatu,1999,36.1
Vanuatu,1998,36.1
Vanuatu,1997,36.1
Vanuatu,1996,36.1
Vanuatu,1995,36.1
Vanuatu,1994,36.1
Vanuatu,1993,36.1
Vanuatu,1992,36.1
Vanuatu,1991,36.1
Vanuatu,1990,36.1
Venezuela,2007,53.4
Venezuela,2006,53.8
Venezuela,2005,54.1
Venezuela,2004,54.4
Venezuela,2003,54.7
Venezuela,2002,55.1
Venezuela,2001,55.4
Venezuela,2000,55.7
Venezuela,1999,56
Venezuela,1998,56.4
Venezuela,1997,56.7
Venezuela,1996,57
Venezuela,1995,57.4
Venezuela,1994,57.7
Venezuela,1993,58
Venezuela,1992,58.3
Venezuela,1991,58.7
Venezuela,1990,59
Viet Nam,2007,43.3
Viet Nam,2006,42.5
Viet Nam,2005,41.7
Viet Nam,2004,40.9
Viet Nam,2003,40.1
Viet Nam,2002,39.3
Viet Nam,2001,38.5
Viet Nam,2000,37.7
Viet Nam,1999,35.3
Viet Nam,1998,34.6
Viet Nam,1997,33.8
Viet Nam,1996,33.1
Viet Nam,1995,32.4
Viet Nam,1994,31.7
Viet Nam,1993,30.9
Viet Nam,1992,30.2
Viet Nam,1991,29.5
Viet Nam,1990,28.8
Wallis and Futuna Islands,2007,33.6
Wallis and Futuna Islands,2006,34.3
Wallis and Futuna Islands,2005,35
Wallis and Futuna Islands,2004,35.7
Wallis and Futuna Islands,2003,36.4
Wallis and Futuna Islands,2002,37.1
Wallis and Futuna Islands,2001,37.9
Wallis and Futuna Islands,2000,39.3
Wallis and Futuna Islands,1999,39.3
Wallis and Futuna Islands,1998,39.3
Wallis and Futuna Islands,1997,40
Wallis and Futuna Islands,1996,40
Wallis and Futuna Islands,1995,40.7
Wallis and Futuna Islands,1994,40.7
Wallis and Futuna Islands,1993,41.4
Wallis and Futuna Islands,1992,41.4
Wallis and Futuna Islands,1991,42.1
Wallis and Futuna Islands,1990,42.1
Western Sahara,2007,3.8
Western Sahara,2006,3.8
Western Sahara,2005,3.8
Western Sahara,2004,3.8
Western Sahara,2003,3.8
Western Sahara,2002,3.8
Western Sahara,2001,3.8
Western Sahara,2000,3.8
Western Sahara,1999,3.8
Western Sahara,1998,3.8
Western Sahara,1997,3.8
Western Sahara,1996,3.8
Western Sahara,1995,3.8
Western Sahara,1994,3.8
Western Sahara,1993,3.8
Western Sahara,1992,3.8
Western Sahara,1991,3.8
Western Sahara,1990,3.8
Yemen,2007,1
Yemen,2006,1
Yemen,2005,1
Yemen,2004,1
Yemen,2003,1
Yemen,2002,1
Yemen,2001,1
Yemen,2000,1
Yemen,1999,1
Yemen,1998,1
Yemen,1997,1
Yemen,1996,1
Yemen,1995,1
Yemen,1994,1
Yemen,1993,1
Yemen,1992,1
Yemen,1991,1
Yemen,1990,1
Yugoslav SFR,1991,35.3
Yugoslav SFR,1990,35.3
Zambia,2007,55.9
Zambia,2006,56.5
Zambia,2005,57.1
Zambia,2004,57.7
Zambia,2003,58.3
Zambia,2002,58.9
Zambia,2001,59.5
Zambia,2000,60.1
Zambia,1999,60.7
Zambia,1998,61.3
Zambia,1997,61.9
Zambia,1996,62.5
Zambia,1995,63.1
Zambia,1994,63.7
Zambia,1993,64.3
Zambia,1992,64.9
Zambia,1991,65.5
Zambia,1990,66.1
Zimbabwe,2007,43.7
Zimbabwe,2006,44.5
Zimbabwe,2005,45.3
Zimbabwe,2004,46.1
Zimbabwe,2003,47
Zimbabwe,2002,47.8
Zimbabwe,2001,48.6
Zimbabwe,2000,49.4
Zimbabwe,1999,50.2
Zimbabwe,1998,51
Zimbabwe,1997,51.8
Zimbabwe,1996,52.6
Zimbabwe,1995,53.4
Zimbabwe,1994,54.2
Zimbabwe,1993,55
Zimbabwe,1992,55.9
Zimbabwe,1991,56.7
Zimbabwe,1990,57.5
